image_id,class
110581,0
53890,0
268229,0
69751,0
294591,0
287069,0
58579,0
49874,0
17922,1
7030,0
88632,0
47929,1
44842,0
103189,0
275895,0
83127,1
93624,0
35072,1
237760,0
35187,0
153996,1
75584,1
230312,1
54739,0
41947,1
139079,0
192483,1
270378,0
62669,0
35453,0
72865,0
129673,1
93412,0
183971,0
66137,1
99416,0
194749,0
182210,0
108259,0
55133,0
80923,0
82262,1
45038,0
6736,0
57679,1
271566,0
293688,0
187144,1
260721,1
140927,1
270370,0
86807,1
9279,0
158752,1
257076,1
243993,0
69142,0
69815,1
9377,1
197152,0
169169,1
67008,1
135183,0
39502,1
85832,0
41003,1
95886,0
98237,1
174592,0
64111,1
154875,1
116420,0
45466,0
99520,0
63084,0
192211,1
71695,0
100028,0
36659,1
246902,0
268021,0
53619,0
111240,1
50435,1
79967,0
65439,0
53080,0
96288,0
57182,1
62219,0
126408,0
174714,1
257762,0
205784,0
96453,0
37696,0
41188,1
94942,0
74553,0
166720,1
256530,1
62377,0
70210,0
64969,1
88916,0
15867,0
54770,0
11323,0
52069,0
5296,0
7391,0
129417,1
111885,1
74613,1
20555,1
59011,0
92742,0
868,1
63812,0
57773,0
74542,1
67188,0
62842,1
79383,1
96578,0
49523,0
67907,0
204418,1
98547,1
79373,0
275318,0
239281,0
69790,0
262931,0
75471,0
198410,0
90459,0
89534,1
127390,0
93544,1
37401,1
127838,0
95063,0
99455,0
125597,1
54334,0
214777,0
163498,0
294945,0
111495,1
240002,0
242092,1
9879,0
207909,1
139800,1
249325,0
161851,1
81624,0
71377,0
30997,0
141466,0
55893,0
291007,0
21636,0
85716,0
96675,1
21303,0
127042,0
37250,0
85896,0
122599,1
63500,0
50791,1
84412,0
263180,0
75916,0
56131,0
213369,0
77614,1
163418,0
259728,0
269170,0
114277,1
76184,0
199578,1
203483,0
249435,1
190867,0
84813,0
44584,0
37006,0
56363,1
46037,1
45550,0
219412,0
12182,0
211680,1
33007,1
89464,0
214008,0
95160,0
132637,0
289212,1
64569,0
226480,1
255540,0
201426,1
70424,1
50711,0
291154,0
43977,1
184932,0
48493,0
87919,0
23426,1
18074,1
49510,0
55711,0
256734,1
233542,0
84846,0
175794,0
88908,1
69726,0
90405,0
108416,0
73638,0
88029,0
236251,1
3931,0
71499,0
48089,0
49722,0
209189,1
69391,1
81833,0
43632,1
83966,0
172039,0
75145,0
124771,0
25484,0
46743,0
224699,0
5179,0
236066,1
216656,1
293067,1
196914,1
53625,0
241907,0
116091,0
66005,1
263666,1
98396,0
34945,0
53383,0
70250,1
52086,0
280122,0
31998,1
294079,1
98003,1
161291,1
101533,0
207614,1
77359,1
226192,0
9814,0
39506,1
66232,1
97347,0
150864,1
164861,0
49808,0
92679,1
63909,1
194003,1
224141,0
53262,1
87304,1
7669,0
192909,0
61002,0
7522,0
136662,0
39886,0
74092,1
245126,1
43724,0
33116,1
51427,0
80295,0
235623,1
96942,1
57907,0
124115,0
49155,1
259943,0
37536,1
125593,0
261738,0
61527,1
101335,1
94033,0
67352,1
46552,1
168917,0
99775,0
63694,1
69561,1
260248,0
53073,0
71771,1
73013,0
47592,1
75653,1
41646,1
280353,1
65714,0
31157,0
20187,0
234261,1
118884,1
36969,0
200993,1
284980,0
93536,0
61957,1
228047,0
56546,0
36786,1
60319,1
221452,0
43984,1
127586,1
70940,1
258914,0
20053,1
44491,0
287626,0
54666,0
36164,1
46578,1
132143,1
294458,0
83621,0
70476,0
227124,0
119460,1
95877,0
290046,0
158297,0
69495,0
33726,0
91283,0
40818,0
22340,1
31132,0
250393,0
84644,0
127253,1
78963,1
64011,0
51980,1
159869,1
209540,0
90294,1
9695,1
159218,0
63609,0
225784,0
65703,0
118359,0
64132,1
70007,0
101320,1
32082,1
54947,0
71323,0
153875,0
21169,1
199911,0
49352,1
258323,0
19560,0
98197,1
71299,1
75542,0
48392,0
248323,0
59120,0
109396,0
219270,1
157686,1
292302,0
52146,0
52994,0
235633,1
271196,0
24073,0
270946,0
134544,1
95993,1
143694,0
270834,1
163626,1
42142,0
114001,1
42378,1
81115,0
224769,0
92387,1
71370,1
64203,0
229338,1
168535,0
76787,1
62340,0
166852,0
169602,1
75211,0
53883,0
44444,0
131318,0
814,0
238672,0
222452,0
91328,0
99019,1
231387,0
209686,0
294741,0
217123,0
110177,1
39158,1
138670,1
175578,1
270977,1
48304,0
6830,0
84027,0
47837,0
40753,0
75275,0
151382,0
3010,0
76250,0
152944,1
171582,0
40653,1
195586,1
264835,0
36614,0
73707,0
77820,0
235490,0
36666,1
68600,1
81778,0
69545,1
76373,0
227846,0
265450,0
55810,0
55076,0
59424,1
46905,1
53023,0
81978,1
235372,0
75130,0
97626,1
177411,1
242108,0
53422,0
74632,1
46020,1
70392,0
78047,1
65806,0
10970,0
232607,0
60886,0
207515,1
61491,1
290682,1
40267,1
38155,1
8722,0
223084,1
131422,0
76061,0
288115,0
7334,0
84046,1
40158,0
123717,1
159832,1
43747,1
86584,0
7126,0
69037,1
9793,0
130459,0
213281,0
229719,0
64374,1
32358,1
44263,0
97321,1
41523,1
99143,0
103760,0
281253,0
48706,1
136238,1
181127,0
141331,0
143481,1
92449,0
247275,1
100742,0
225993,1
66988,0
91690,0
164698,1
66552,0
272088,0
148875,1
226817,0
99954,0
189174,1
164046,1
243659,0
30423,0
40737,1
122378,1
66465,0
110818,1
6595,0
53467,1
8173,1
194696,0
76977,1
65762,1
227509,0
78596,0
14535,1
272579,0
206586,0
8918,1
38726,0
38773,1
64743,0
34379,0
18471,1
196329,0
139661,1
29888,1
47167,1
91455,1
74913,1
89167,0
172062,0
37837,0
82347,0
91819,0
236252,1
40965,1
76857,0
50291,1
288234,0
136466,0
58918,0
34811,0
56843,0
134573,0
63695,1
203360,1
2279,1
65378,0
268824,1
52013,0
52987,1
9907,0
30659,1
213803,0
85574,0
55379,0
83697,1
47825,0
52408,1
70969,1
234065,0
265245,0
88174,0
45046,0
30046,0
280979,1
271992,0
224415,1
36055,0
57599,1
165684,1
284033,0
107401,1
206054,1
110143,1
36194,0
129950,1
19795,1
241184,1
83351,1
227256,0
258435,0
93110,1
93090,1
40578,0
66604,1
70384,0
42281,1
73563,0
258736,0
87809,0
186408,1
93751,0
13877,0
88823,1
47134,0
252526,0
46211,1
52195,1
66907,0
176630,0
3121,0
161420,0
219283,0
169915,0
179484,0
93876,1
173873,1
241971,0
44514,1
65562,1
3647,0
245119,0
58937,0
294746,1
89378,0
40667,0
83191,0
62415,0
63998,1
44384,0
132941,1
188204,1
261831,0
186196,1
293905,0
222967,0
238976,0
186309,0
162356,0
252132,0
94802,1
177560,0
12123,0
45255,0
237880,0
9446,1
77364,0
56059,0
75139,1
224958,0
114121,1
62052,1
86383,0
34139,1
119470,0
69617,0
224640,1
75777,0
22385,0
102578,0
108857,0
80583,0
50395,1
35038,0
94820,0
88245,1
243507,0
221890,0
155874,1
71603,0
72897,0
198043,1
7848,1
88982,1
63713,0
48644,0
81798,0
269233,1
159917,1
164451,1
98129,1
61126,1
5287,0
92419,0
95573,1
210649,0
110537,1
3239,1
132921,1
93671,1
60959,1
41172,0
141031,0
168076,1
24982,1
112867,0
246865,1
240496,1
40038,1
174884,1
30386,0
210876,1
132579,1
107162,0
108013,1
294163,1
65145,1
39527,0
83605,1
74230,1
120720,0
65440,0
118249,0
47821,0
88709,1
102107,1
8561,1
4482,1
292442,1
195669,0
285239,1
66794,1
64990,0
98902,1
79477,0
38687,1
9530,1
133070,1
187501,1
65325,1
245738,0
110591,1
3741,0
204417,0
7479,0
70484,1
83738,0
99199,1
186976,1
99847,0
29732,0
140686,0
273175,0
208301,0
46199,0
110566,1
6506,0
83907,1
151575,0
86825,0
283792,0
170894,1
48568,1
30779,0
36982,1
279540,1
271742,0
34732,0
56232,1
119091,1
8670,0
128974,1
152955,1
257301,0
195870,0
36431,1
281525,0
76350,0
57429,1
7121,0
160301,1
139014,1
203982,0
157549,1
101630,0
44116,0
214201,1
52100,1
145610,1
50904,0
37883,1
205380,1
2140,0
7863,0
195408,0
25516,1
158676,0
74567,1
52716,0
739,1
30846,0
121950,0
16847,0
71354,1
175364,0
7045,1
99689,1
123096,1
129270,1
205680,1
247051,0
138203,0
290335,0
37004,0
13217,0
173273,0
96554,1
26782,1
224218,1
90746,0
74722,0
33359,0
179911,0
177975,0
63924,1
96166,0
64194,0
78303,1
219332,1
177328,1
85005,1
281237,0
140970,0
9517,1
9009,1
249964,0
72304,1
258966,0
135696,0
175137,0
63931,1
206768,1
174459,1
57449,1
260592,0
94135,0
232755,0
41995,1
19117,0
267610,0
106892,0
80721,0
79745,1
273539,0
73017,0
76768,0
55957,0
7939,1
71526,0
47329,0
50490,0
275982,0
43917,0
149293,1
65405,1
56237,0
259413,0
203460,1
59999,1
161838,0
33485,1
51121,1
98356,1
102572,0
144797,0
33161,1
229580,0
60651,0
252044,0
98754,0
79860,0
4058,0
79961,0
291853,1
223581,0
142997,1
228335,0
62845,0
255314,0
87572,1
52117,1
72098,1
88320,0
34906,0
64657,0
180997,1
69718,1
92705,0
43722,0
137834,1
99340,1
117081,0
96298,1
58307,0
76375,1
55801,0
52262,1
74082,0
195445,1
70173,0
12079,0
124248,0
30863,1
258251,0
71811,0
212859,0
212227,0
250373,1
150109,1
61654,0
210667,1
70034,1
97517,0
92273,1
34911,0
9298,0
73868,1
132592,1
247400,0
165231,1
112952,0
106816,0
154767,1
21592,1
265897,0
286575,1
169827,1
261292,0
93771,0
96660,1
197617,0
41857,0
158306,0
93300,0
57593,1
66101,0
6932,1
153372,0
66844,1
96984,1
148780,1
79563,0
98741,0
223819,1
61955,0
77650,0
214711,0
47722,0
213257,0
117755,0
102425,1
106693,0
57093,0
188594,1
78352,0
194782,1
170522,1
270886,0
155159,0
81013,1
30906,1
92997,0
40358,1
119809,0
6644,1
291072,1
54170,0
275739,0
175784,1
206660,1
238434,1
37538,1
50481,1
99696,0
12413,1
95157,0
31581,1
228117,0
70147,0
31780,0
47680,0
108601,1
140280,1
1125,1
50732,1
230946,0
98812,0
230986,0
183642,0
139272,1
35781,1
93247,1
9056,1
53652,1
72213,0
286926,1
91442,0
85972,1
62919,0
242781,0
150793,1
38140,0
106158,0
63241,1
39175,1
95619,0
51968,1
38430,0
222081,0
214,0
60009,0
43703,0
107861,0
65465,0
35524,0
60583,0
75874,1
82434,0
31091,1
9440,0
252206,0
39327,1
87336,0
209812,0
34400,0
227161,0
79842,1
115760,0
198557,1
69340,0
102600,1
53361,1
1022,1
245193,1
127546,0
266441,1
38393,0
3430,0
273429,0
295294,0
101865,0
65276,1
51659,0
78014,0
193509,1
246604,0
8731,1
38936,0
16258,0
59853,0
54319,0
132383,1
234804,0
153256,0
33798,1
69929,1
182116,1
61359,0
48131,0
39198,1
78566,1
78969,1
126177,0
219661,0
524,0
141737,1
84788,0
24945,1
35952,0
130761,1
110069,0
219561,0
76427,0
125073,0
59782,0
62574,0
94757,0
32237,1
25855,1
127278,1
68305,0
253642,1
126349,0
164189,0
19439,0
108149,0
55261,0
162080,0
217142,0
222490,0
74129,1
45401,1
46283,1
267074,0
134069,0
8075,0
235549,1
96310,1
272181,0
229883,1
548,0
93306,1
213325,0
60879,1
53517,1
70006,0
79177,0
167646,0
33029,0
40454,0
216965,1
252711,0
121527,0
163864,0
197914,0
224049,0
50850,0
65666,0
98691,0
234861,1
71242,1
78829,1
98633,1
260656,0
117814,0
45284,0
8163,0
251177,1
108701,1
31966,0
121060,1
189182,1
88898,0
6788,0
247517,0
287941,0
114497,0
252084,0
52638,0
60634,1
64408,0
28261,1
234090,1
87137,0
67074,0
191848,0
160821,0
35569,1
36232,1
95115,0
46495,1
67223,1
293610,0
84844,1
284102,1
78713,0
48588,0
76064,1
3240,0
269451,1
57829,0
165656,1
90591,0
95129,0
242593,1
135751,1
83355,0
103793,0
69676,0
43668,1
113935,0
163234,1
83345,1
87413,0
106031,0
40685,0
240306,1
62029,1
163185,1
3996,0
35879,0
92966,0
72818,1
62421,1
214238,1
176313,0
106885,0
71602,0
53719,0
257372,0
148800,0
250370,0
68366,0
134680,0
83682,0
49849,0
19910,1
94846,1
1239,0
99539,1
88510,0
136595,0
236882,1
75446,1
53393,0
164481,0
91566,1
30666,1
55072,1
52784,0
59627,0
82093,0
30079,1
155798,0
206837,0
6689,1
69800,1
30450,1
88718,1
40822,1
85932,1
47664,1
185463,1
70630,0
37808,1
121471,0
22667,1
22900,0
156519,0
67912,0
84247,1
117576,0
122668,0
47194,0
82551,0
78935,1
192941,1
217803,0
120580,1
158605,1
48476,0
47123,0
171659,0
91183,0
260580,0
252958,1
255959,0
447,1
94943,0
240023,1
52040,1
165494,0
44235,1
294768,1
231990,0
212668,1
44336,1
40165,0
112036,0
44622,0
26637,0
45293,0
253254,0
160050,0
88026,0
33498,1
9878,0
56844,0
92271,0
209348,1
65583,1
174778,0
201607,1
24205,0
38800,0
188453,0
205683,0
241896,0
157091,0
74200,0
73982,0
244061,1
286069,0
84329,1
229779,0
38826,0
63257,0
241340,0
55219,0
177381,1
79929,1
759,1
69199,1
111139,1
80402,0
20331,1
65004,0
31211,1
7046,1
66342,1
153394,0
131139,0
210983,1
41205,0
38829,1
60487,1
77544,0
59499,0
53206,0
39010,0
16849,1
79975,0
163023,1
98392,0
72958,1
88730,0
194968,1
49181,1
89854,0
111013,1
39796,1
36510,1
61569,1
218656,1
227768,1
99291,1
80350,0
35172,0
171287,1
42374,0
7248,0
269262,0
166597,1
91676,0
238712,1
84851,0
40067,0
96022,1
54638,1
157352,0
49382,0
231579,1
131749,0
41722,0
34476,1
204900,0
45994,0
75750,1
111143,1
52549,1
96005,0
96077,1
109147,1
80392,1
233225,1
181283,0
129273,1
184570,0
80719,1
119712,0
177142,1
96337,0
74110,1
77910,1
188442,0
89172,0
87908,1
257985,1
88879,1
231246,1
50737,1
264088,0
63829,1
157913,0
185424,0
117428,1
3266,0
47451,1
111011,1
263343,0
56920,0
83642,0
30320,1
87870,0
98362,1
295145,0
32412,0
258165,0
83276,0
258145,0
157707,0
65212,1
155841,1
100143,0
700,0
46021,0
36293,0
9321,0
55712,0
98470,0
102615,1
90861,0
44966,1
160550,1
54390,0
111413,1
52452,0
153974,0
79793,0
285371,0
78677,1
70201,1
252992,0
18173,1
73600,0
18820,0
94447,1
86740,1
92052,0
92332,1
235375,1
1724,1
53503,1
120621,1
21754,1
179420,1
114476,0
105751,1
164163,0
85855,1
289214,0
84296,0
275787,1
121586,0
30345,0
1268,0
30508,1
35553,0
272233,0
65927,0
84552,1
10136,1
79394,1
237411,0
223113,0
50352,0
49990,0
99994,0
235475,0
36570,1
158823,1
184374,1
162650,1
8629,1
91198,1
62610,0
263594,0
33910,1
5260,0
34975,1
270346,0
18804,0
45414,0
268660,1
78268,1
62322,0
113634,0
91611,1
99059,0
70784,0
151784,0
32063,0
194815,1
54098,0
241344,0
64316,0
69359,0
245984,1
94687,0
93217,0
197740,0
215767,1
49736,0
207292,1
241680,1
192291,1
77922,1
50132,1
175787,1
273178,0
157852,0
96097,1
142026,0
148128,1
77509,1
80319,0
196464,0
70248,1
41140,1
65157,0
36519,1
54558,0
211271,0
56972,0
63035,0
245526,1
161281,1
77384,1
203644,1
95740,0
45376,0
53595,0
77926,0
171987,0
69188,1
74195,1
159328,0
229809,1
191608,1
3792,0
76988,0
137404,1
8948,1
77366,0
214002,0
3960,1
48257,1
37762,0
26006,1
35966,1
224856,0
214403,1
228451,0
72200,0
37963,0
58289,0
245312,1
96676,1
30260,0
155200,1
105714,0
57118,0
171336,1
71061,1
31345,1
134647,1
18918,1
91065,1
151725,0
52387,1
48361,1
222628,0
69788,1
178357,1
86884,0
118922,0
232033,0
47648,1
8057,1
217779,0
83775,1
45270,0
273905,1
64387,0
7785,0
94592,0
52057,1
65778,1
40893,0
167992,0
171845,1
184617,1
47100,0
56864,0
293789,0
219,1
38797,0
256516,1
97617,0
61176,0
38588,0
69410,1
48751,0
85977,1
70870,1
39960,0
165259,0
256701,0
292818,0
188021,0
120740,0
221627,1
214754,0
26482,0
70927,1
191294,1
62738,0
22227,1
32876,1
52130,1
85191,1
293064,0
57454,0
54371,0
16441,0
68232,1
80844,0
114958,0
256709,0
46216,0
271243,1
99700,0
256159,0
143200,0
239383,0
4307,0
81311,0
239447,1
84030,1
196938,1
271906,0
99389,1
186782,0
88134,0
220155,0
29871,0
275902,0
235351,0
36559,1
73877,0
47555,0
31538,0
74724,0
21878,1
39298,0
153647,1
93847,0
111300,0
266753,0
9639,0
52606,1
23840,0
267761,0
230015,0
7438,0
233742,1
81071,0
59373,1
75108,0
247433,0
97097,0
228716,0
35846,0
268383,0
69871,0
71340,1
176437,0
281422,0
85323,1
52697,1
255294,0
257196,1
49782,1
64954,1
89588,1
18208,0
74892,0
246614,0
212553,0
248091,0
9688,1
111707,0
69783,0
92079,1
200146,1
135702,1
159651,1
267571,0
69605,0
20057,1
244790,0
64344,0
40446,0
8450,0
251138,1
249860,0
206676,0
153563,1
59425,0
67908,1
90000,1
149797,0
31806,1
292796,0
99672,0
59724,1
33564,1
207273,1
57288,0
77920,0
73383,0
80646,1
177976,1
97359,1
252568,0
154487,1
70162,1
294439,0
24861,0
13069,0
38522,1
276233,1
114037,1
133864,1
145223,0
148127,0
171827,0
47729,0
110744,0
210606,1
203229,0
172704,0
217035,1
97690,0
42338,0
82607,0
51819,1
71844,0
57213,1
135068,0
53319,0
7815,1
114199,0
28821,0
295289,0
261729,0
188318,0
77017,0
93260,0
224864,0
90856,1
7094,0
71650,0
50733,0
41658,1
294444,0
52777,1
115224,0
238564,1
92334,0
75417,0
191576,0
136417,1
73957,1
8511,0
96186,0
57966,1
89256,1
20478,1
121058,0
7645,1
92223,0
177024,1
101532,1
40242,0
174082,0
49996,0
48702,1
55531,0
58180,1
63594,0
65843,1
40483,0
49486,1
92339,0
97665,1
231231,1
154109,0
32813,1
235895,0
91447,0
266316,0
56117,1
94041,0
231335,1
152601,0
196621,0
247786,1
283417,1
60614,1
184943,0
3712,0
9193,0
93157,0
77001,0
201098,1
254136,1
120624,1
5245,0
276756,0
63775,1
77981,0
82176,0
39484,0
31360,0
233973,1
19641,0
279282,1
85478,1
74943,0
88423,1
58034,0
66231,0
769,1
193798,0
82022,0
284244,1
77919,1
20094,1
66069,1
91879,0
58748,0
244940,0
253659,0
53609,0
32128,0
203528,0
271874,1
174288,0
74426,0
84321,0
8493,0
245266,0
115267,1
253392,0
30089,0
56355,0
84074,1
45125,0
41131,0
110535,0
32,1
30542,1
55526,0
68786,1
71983,1
212178,0
92562,0
5567,1
37159,0
83007,1
137184,1
100581,0
49754,1
30903,1
33865,1
156189,1
39644,0
197856,0
102802,0
29833,0
77491,0
37767,0
105322,1
23893,0
116703,0
223401,0
144656,1
30100,0
23050,1
264528,0
129178,0
91971,0
21484,0
77466,1
41287,0
49450,1
78160,1
97994,1
76030,0
4940,0
81608,1
55156,0
75180,1
96807,1
198623,0
243756,0
265965,0
9967,0
83246,1
16232,0
41456,0
141633,0
59406,1
48175,0
177528,0
264258,0
4071,0
70610,1
265948,0
44294,1
249565,1
51966,0
265479,0
15758,0
250693,0
62095,1
98331,0
703,0
57864,1
86917,0
41358,1
155579,1
28788,0
165984,0
24578,0
35951,0
135435,0
219806,1
42219,0
75618,1
32177,0
78834,1
180580,1
235204,1
116622,0
66423,1
22700,0
252792,0
3672,0
48964,1
235211,0
71276,0
86099,1
148864,1
99146,0
88604,1
88762,1
66857,0
170636,1
32080,0
199669,1
175426,0
37607,1
295063,0
68956,0
96417,1
180612,0
234386,1
112669,0
262896,0
79162,0
84495,1
134750,1
46016,0
96878,0
92845,0
180738,0
123374,0
125488,1
44629,1
244272,0
24466,1
68881,0
18810,0
237834,0
252438,0
75867,1
95453,1
34703,1
172368,0
91059,0
62200,1
17139,0
95823,1
133189,0
33706,0
66809,1
68440,1
229584,0
40398,0
57347,0
35913,1
38679,0
48171,0
82562,1
55648,0
91651,1
36821,0
67271,0
67458,1
156639,0
180028,0
113392,0
774,1
80845,1
8686,0
44728,0
43831,0
8800,1
136850,1
123940,0
68462,1
46781,0
9983,0
15856,0
169878,1
294857,1
52796,0
5413,1
112210,1
120043,0
170614,1
161185,0
97294,1
219718,1
177827,1
234336,0
51171,1
163232,1
88426,1
236997,0
114748,1
207353,1
71995,1
20335,1
93683,0
3912,0
44068,0
235632,0
87777,1
276161,0
54877,1
200025,0
135256,0
93027,1
38484,1
74712,0
42137,1
30402,0
214728,0
71375,0
250810,0
205708,0
94850,1
111067,0
97966,1
96958,0
91094,0
70577,1
107013,1
294275,1
180059,0
30768,0
30572,0
76360,0
38758,0
127514,0
237160,0
134282,1
39333,0
221084,1
235405,1
82009,1
275072,0
10247,1
150825,1
109429,0
67997,1
17808,0
94056,1
83566,0
77646,0
80346,0
60768,0
209265,0
57569,0
6555,0
183477,0
62948,1
64903,1
56089,1
57493,1
31078,0
90705,0
56260,0
154661,1
114498,1
228307,1
90814,0
39530,0
52693,0
203764,0
7307,0
63578,0
171576,0
59157,1
185249,1
238737,0
167219,0
125452,1
44290,0
31490,1
244005,0
17469,0
18814,0
86138,0
93315,1
233562,0
8182,1
226899,1
225169,0
198038,0
25924,0
57789,0
43806,0
87431,1
32248,1
59894,0
99037,0
71682,1
65163,0
90527,0
1776,0
94211,1
7073,0
50074,0
196760,1
41884,1
221008,0
136725,1
32743,0
81656,1
75302,0
228121,0
50024,0
26252,0
109730,0
250673,0
46803,1
188862,0
45507,0
61790,1
76481,0
7107,0
151918,1
35723,1
169650,1
115992,1
52047,0
280415,0
39816,0
177676,0
177592,0
109385,0
68102,0
75984,0
188714,0
148077,1
252839,0
3500,1
83755,1
35881,1
237443,0
14260,0
9328,1
174219,0
81723,0
66477,0
93313,0
40042,1
22449,0
60868,1
96809,1
16986,1
46372,0
46956,0
235093,1
108428,1
42151,0
45744,0
64828,0
159807,0
73191,1
82756,1
39996,1
8850,0
74732,0
107439,1
53254,1
169562,1
56251,1
214507,0
71197,0
110578,1
34191,0
48586,0
45237,1
65504,0
195146,0
238117,0
35041,0
59828,0
205684,0
248429,0
248532,0
77855,0
91583,0
35908,1
37251,1
49756,0
48444,0
75629,1
60164,0
155663,1
179184,1
42053,0
217829,0
85460,1
89906,0
293921,0
76636,0
137169,1
156483,1
73560,1
119100,0
124805,1
288220,1
97466,0
269063,0
186043,1
145030,0
66598,0
198442,1
136127,0
70293,1
30434,0
48558,1
136867,1
41248,1
197726,0
1758,0
245743,1
68482,0
244655,1
77873,0
86320,0
64160,1
200566,1
217791,0
36221,0
33154,0
37490,1
84254,0
215371,0
222534,1
139705,0
41808,1
99720,0
87227,1
64046,0
177761,0
94515,0
82492,0
102381,1
243486,0
63704,0
235554,0
74339,0
176731,0
73921,1
97869,0
191484,0
157443,0
271482,0
49334,0
94031,0
37096,1
82633,1
81511,0
98411,0
41443,0
195091,1
118897,0
86678,1
255658,1
229620,0
60403,0
228604,0
263076,0
62898,1
60513,0
249638,0
73455,1
239541,0
288767,0
66056,0
184221,1
30313,0
90287,1
226729,1
78572,0
242232,0
172461,0
224281,0
644,1
237014,1
44418,0
90544,1
41341,1
49374,0
198108,0
76022,1
86139,1
27029,1
142617,1
38129,0
53151,1
88080,1
13517,0
73522,0
81442,1
37539,0
102628,0
50787,1
35429,1
52897,0
50630,1
81184,0
3982,0
76265,1
46154,0
97222,1
194501,0
272255,0
62035,1
61523,1
35383,1
358,1
109734,1
204899,0
18747,1
4013,0
239719,1
86226,1
36860,1
81468,0
173868,1
235598,1
39426,0
220801,0
11804,1
34391,0
226561,1
72983,0
62885,0
80021,0
27220,1
195643,0
83683,1
92149,1
11443,1
205067,0
90792,1
192931,0
69875,0
151,0
22967,0
49172,0
78293,1
101814,1
93595,0
30406,1
59959,0
53991,0
186169,1
216287,1
200229,0
68188,0
82231,1
151155,0
76312,0
97445,1
33696,0
82684,1
79730,0
56589,0
61871,0
177599,0
32533,0
86480,0
206200,0
233819,0
57087,0
220464,0
192328,1
36277,0
236607,0
91770,0
91656,1
52244,0
24160,1
3760,1
68505,1
43880,0
214079,0
37133,1
232794,0
64721,0
138256,0
199564,1
28167,1
99063,0
244635,1
110095,0
55593,0
124582,0
68542,0
107757,1
176602,0
278299,0
48934,0
58885,0
89991,1
97201,0
30253,1
70493,1
89376,0
45468,0
178943,1
85027,0
174589,0
199407,0
238208,0
95290,0
253519,0
8683,0
125775,0
60212,0
180575,0
85610,0
6554,1
145151,1
88751,0
117744,0
66380,1
206833,0
76902,1
208427,0
210877,1
118516,1
51649,1
268865,0
98065,1
33917,0
150410,0
263758,1
91776,1
265675,0
193705,0
149032,0
3766,1
49958,0
21327,1
67775,1
200106,1
54042,1
27013,0
183465,1
85170,1
84319,0
85061,1
11177,1
32243,1
12429,0
141275,0
264497,1
372,0
16032,1
124216,0
225103,1
176077,1
156347,0
29988,1
73621,1
144637,0
208510,0
94644,0
35375,1
231205,0
63571,1
36536,0
149655,1
60759,0
157526,0
76712,1
48064,0
260410,0
91604,0
175322,0
50983,1
22693,1
57434,0
78547,0
45741,0
128967,1
95170,0
61807,1
44051,0
29906,1
65928,1
192119,0
54399,1
30929,0
173013,1
114130,0
89828,1
35266,0
91792,0
5088,0
27424,1
51728,0
81461,0
94966,0
49357,0
206481,1
211026,1
62931,0
38576,1
124098,1
76562,0
292979,0
79243,0
83804,0
45920,0
193206,1
10789,1
94329,0
49595,1
263299,1
262259,0
265848,0
84669,1
26014,0
163608,0
8389,0
2832,0
85274,1
253437,1
79483,1
165777,0
181439,0
125559,1
63951,0
36366,0
198067,1
55163,1
86370,1
30605,1
36259,0
118015,1
54117,1
47529,0
81077,0
90133,1
57030,1
83700,0
67256,1
269519,1
292876,0
60699,0
32674,1
208887,0
1624,1
143124,0
97535,0
30521,1
129317,1
105964,0
265566,0
268250,0
41975,1
42146,0
45873,1
66256,0
51610,0
210401,0
39955,0
93299,0
192373,1
112304,0
5236,0
26189,0
261750,1
83401,1
55658,0
194449,0
123824,0
148240,1
9548,0
155043,0
13650,0
73335,1
238302,1
79715,1
67685,0
270290,0
90567,0
46220,1
99175,1
7141,1
41717,1
163520,0
4277,0
46854,1
31323,1
6667,1
66275,1
108575,0
55129,0
86943,1
64939,0
161670,0
62335,0
44785,1
56114,0
43674,0
81899,0
28727,0
126277,0
130557,0
78600,1
49971,0
39073,1
78614,1
277911,1
78867,0
125844,1
50694,0
32748,0
232741,0
62614,1
186701,0
62400,0
60765,1
91079,0
70052,1
89384,0
49017,1
158317,1
74294,0
274753,0
83414,1
39141,0
262163,0
6800,0
113403,0
34178,0
33750,0
229243,1
4520,1
23822,0
249165,1
91044,0
185851,1
58146,1
48684,0
8831,0
191994,0
4527,1
95241,1
74065,0
253453,0
60270,0
76859,1
198090,0
79692,0
86313,0
51873,1
149486,0
90782,1
211993,0
4765,0
61670,1
195076,1
99041,1
132041,1
236766,0
72337,0
46953,1
67728,0
259744,0
171914,0
120505,0
97168,0
205032,1
80342,0
73008,0
56030,1
65432,0
280352,0
87718,0
197825,0
187071,0
260108,1
158349,0
258144,0
54687,0
94359,1
4887,1
230555,0
98846,0
160873,0
178423,0
122918,1
204504,0
62014,1
91837,0
54387,0
245398,0
76889,1
9567,1
230614,1
36203,1
150947,1
75436,0
279129,0
8544,0
70027,0
144929,0
85336,0
84981,0
65619,1
170077,1
89614,1
34316,0
39726,1
74633,0
113984,0
91612,0
243760,0
41917,0
133000,0
111008,0
95126,0
62300,0
210565,1
98297,0
44922,0
150643,0
239278,0
78220,1
99667,0
259989,1
234663,0
54960,0
9713,0
130228,0
36352,1
33013,0
83035,0
96973,1
37477,1
294605,0
283120,1
122152,0
50390,1
212978,1
3896,0
124114,0
188028,1
170974,0
253345,1
217438,1
90073,1
69970,1
75706,0
75186,0
84285,0
64363,0
194977,1
125570,0
293637,1
192692,1
63938,0
107427,1
43659,0
166908,1
94502,1
30038,0
243144,1
226698,0
83387,1
86938,1
128451,0
58721,0
12631,1
98290,1
281590,0
203314,0
69248,0
34118,1
132466,1
47985,1
168474,1
95591,0
46358,0
227820,1
87001,0
81770,0
206606,1
125419,0
277784,0
95746,1
96978,1
32418,0
75621,0
225420,0
99546,0
265174,0
189154,0
83129,1
160764,0
172798,1
4249,0
216828,0
293447,1
53522,0
240993,0
31842,0
92904,1
58994,1
78122,0
227052,0
75304,0
67030,1
56305,1
38611,1
73364,1
11012,1
171440,0
45052,1
72982,0
3018,1
1521,1
41790,1
224808,0
87891,1
207859,1
8694,1
87202,1
8958,0
121681,0
150287,0
234056,1
423,1
89456,0
80653,0
65059,0
217007,1
216736,0
5277,1
3706,0
41708,0
90467,0
121572,1
46065,1
37681,0
98299,0
218315,1
57378,1
140866,0
192539,1
169846,1
108121,1
49066,1
65356,1
139496,0
41018,0
171844,0
231214,0
88340,0
73488,0
151865,1
31105,1
261210,0
56946,1
115988,1
59792,0
35196,0
212647,0
3913,1
264145,0
40013,0
76783,0
84139,1
33962,0
33875,1
33020,0
229302,0
32715,0
220731,0
82037,1
279499,0
99176,0
178235,0
96049,0
97070,0
273971,0
15928,1
85038,1
55299,0
59122,1
136809,1
232575,1
12815,1
13100,0
68105,1
14267,0
8164,1
127967,0
78511,1
93429,1
236867,1
77874,0
149784,0
226027,1
64796,1
88525,1
217194,1
133476,1
265658,0
197443,0
87239,1
50836,0
94177,0
74259,1
40561,0
73418,1
879,1
108338,1
56156,1
40492,0
208787,0
256617,0
179009,0
38079,1
80914,0
115043,0
184066,0
98942,0
91787,1
152766,1
140515,1
99843,0
39690,0
96931,0
187142,1
294486,1
95691,0
182401,0
253894,0
252698,0
269596,0
43673,0
97005,1
153014,0
177882,1
65938,0
40562,0
97370,1
269231,0
44311,0
85135,0
64010,0
211842,0
53826,0
58067,1
113156,1
68711,1
193017,1
250652,0
42375,1
59729,0
4345,1
911,1
781,0
132897,1
94629,0
96018,0
295203,0
103557,1
45407,0
204321,1
46795,0
72260,1
110724,1
86776,1
96624,0
155974,0
85382,0
30766,1
1002,0
163157,1
67118,0
133232,1
288784,0
82412,1
218998,1
36662,0
132842,1
55061,1
75942,0
9424,1
55982,1
172983,0
144300,0
97623,0
19884,0
178816,1
137595,0
139699,0
34246,0
3958,0
52299,0
96246,0
267112,0
157291,0
73899,0
60064,0
66508,1
44901,1
158576,0
268843,0
45628,0
88047,1
61733,0
113758,1
3529,0
27626,1
244915,0
216935,0
69834,0
97882,0
154420,1
27648,1
48926,0
18105,0
187682,1
73802,1
204660,0
73523,0
118213,1
94058,1
78994,0
242500,0
53352,0
286838,0
176095,0
126863,0
160167,1
23938,1
41565,1
35242,1
70856,0
87342,1
153574,0
22584,0
161694,1
78243,0
123006,0
8444,1
212079,1
197437,1
3538,1
49501,1
187401,1
37113,0
98490,0
27564,0
68490,0
40058,0
173470,0
294919,0
256877,0
50741,0
87165,0
7181,0
45860,0
266999,1
189303,1
36571,1
203972,1
60539,1
102584,1
154100,1
89188,1
85624,0
255212,0
84683,0
121755,0
248137,0
192060,1
88394,1
262930,1
228783,0
9675,0
73704,1
77752,0
90039,0
2758,1
25041,0
55485,1
93080,0
62176,0
72476,0
9054,1
120290,1
51169,0
240999,0
208114,0
4460,0
224044,1
196158,0
93978,0
40424,0
233544,0
162108,1
66462,0
108285,1
216990,1
45396,0
236141,1
65304,0
79197,0
283553,1
126613,1
138691,1
50434,1
85335,1
151085,1
118346,1
191392,0
63770,0
235387,0
30875,1
95321,1
153363,0
119883,0
281,0
9550,1
61627,0
278565,0
39234,1
96997,1
55116,0
107204,0
134039,1
220261,0
56189,0
25304,0
92156,0
30404,0
133644,0
154585,0
61734,0
271949,0
177209,0
37185,1
53345,1
45618,1
44874,0
258769,0
82106,1
135431,0
229118,0
226662,1
9134,1
213473,1
73677,0
54607,1
61973,0
250366,0
232034,1
163754,0
144944,0
251715,0
95010,1
7029,1
210448,0
134130,1
54707,0
80072,0
4894,0
39463,0
97893,0
34886,0
85613,0
83467,0
47075,0
36962,0
252734,1
293684,1
19883,0
24612,0
19468,0
65805,1
56820,0
81101,0
44440,0
243484,0
61198,1
231835,0
341,1
274462,1
50900,1
227271,0
66933,1
157598,0
60401,0
60227,0
85794,0
47298,0
57507,0
69067,1
98013,1
209906,0
116190,0
44439,0
228197,0
79488,1
236943,0
35462,0
11171,1
62581,1
85558,0
138143,0
46958,0
99645,0
225097,0
70922,1
43882,0
91897,0
35044,1
155839,0
118365,1
187532,0
741,0
40113,0
62120,0
130510,0
79866,0
209531,1
112872,0
126486,0
38988,1
173864,0
32178,0
236704,0
208921,0
196949,0
62304,0
226383,1
6958,0
272448,0
88546,0
94793,1
59871,0
36286,1
158064,0
55272,0
9372,1
17336,1
204320,0
248552,0
62447,0
195303,1
88894,0
48564,1
151019,0
181231,1
288308,1
65657,0
31891,0
39290,1
65329,0
46135,0
257013,1
164817,0
216890,1
206736,0
91346,1
85519,0
19778,0
131341,0
256824,1
294884,0
152928,0
149336,0
83365,0
141007,0
98398,0
60169,0
20025,1
174705,1
118007,0
89928,1
136598,1
90958,0
217300,0
135029,0
32892,0
39580,0
76761,0
119342,0
3744,0
234584,0
212826,0
270980,1
97318,0
40727,0
13613,1
76947,1
35181,1
236835,0
46621,1
87570,0
8871,1
17621,0
85856,0
83469,0
272655,1
173730,0
85694,0
175888,0
154884,1
140618,1
74402,1
80807,0
105349,0
52743,0
97087,1
50325,0
94543,0
208174,0
68129,1
70759,0
294143,0
79085,1
94180,1
79370,1
39425,0
52210,0
52216,0
24913,1
46388,1
149497,0
109912,1
95995,1
227572,0
76764,0
120754,1
258733,0
40534,1
163417,0
226500,0
5311,1
71558,1
83381,0
36385,1
82677,1
176040,1
38438,1
84626,0
62106,0
71129,0
44680,1
18848,1
13361,0
140858,0
99189,0
49747,0
50321,1
204039,1
118227,0
88294,1
83468,0
49313,0
119405,0
80612,0
47905,0
62947,1
132294,1
54353,1
120388,0
294836,1
62213,1
41186,0
42120,1
50040,0
227869,1
102334,0
258513,0
74278,0
143227,0
90047,0
144117,0
70790,0
98675,0
266108,0
248197,0
230862,1
43808,1
32051,1
9375,1
163094,1
247198,0
43813,1
94988,0
256666,0
80127,0
185944,0
130348,0
69531,0
65749,1
78073,1
65945,0
64949,0
43710,0
170792,0
95612,0
138044,0
69559,0
31168,0
77179,0
210855,0
188250,1
34990,1
249065,0
92088,0
158402,1
62250,1
155465,0
16174,0
7156,1
26740,1
170567,1
37815,0
113726,0
49068,0
42176,1
72938,1
59819,1
223804,0
287655,1
181854,0
188037,0
255173,0
164243,0
52633,1
27153,0
210014,0
39647,0
142347,1
18623,1
35458,0
243251,1
62662,0
39449,0
218444,1
138202,0
103715,0
263789,1
66427,0
25461,0
7251,0
44055,0
74522,1
64071,1
87566,0
41980,1
155940,1
67004,0
77561,1
263068,0
132025,0
86812,0
159809,1
99488,0
57772,0
71257,0
88486,1
38082,1
54313,0
79434,1
175469,0
35339,1
227417,0
165999,0
60202,0
98304,1
34283,0
30307,1
102017,1
243262,0
84476,0
49575,1
4236,1
44348,0
275666,0
244777,0
73733,0
8955,0
101587,0
67361,0
53532,0
48365,1
26494,1
62780,0
245925,0
87752,0
130647,0
72012,0
78752,0
48386,1
244506,0
61878,0
38874,0
144751,0
54044,0
31940,0
209520,0
260048,0
212187,1
66173,0
293868,0
128467,1
54741,1
69212,0
17174,0
150979,0
79835,0
55885,0
240532,0
137182,1
56049,1
58818,0
152669,0
75489,0
180585,1
30750,0
82014,0
115334,1
90568,1
65087,0
139412,0
155235,1
72971,1
143461,0
34430,0
245063,1
96267,0
211096,0
49936,0
272266,0
74465,1
80873,0
84188,0
155086,1
86711,1
7383,0
93619,0
152097,1
180697,0
239780,0
212612,0
49999,1
294452,0
40651,0
89936,1
124032,0
48479,0
253228,0
187692,0
54608,1
29954,0
161007,0
69477,1
159743,0
47086,0
59566,0
27826,1
88158,0
91426,0
65719,0
133760,1
206525,0
52169,1
85205,0
51409,1
47659,1
58200,1
37225,1
26340,0
52489,0
262131,1
217585,1
145183,0
212453,1
92459,1
210859,0
89864,0
188911,0
105630,0
35615,0
209483,1
113136,0
216689,1
33482,0
71383,1
45355,0
77217,1
111184,0
61363,0
67791,0
69950,0
56423,1
293881,1
179351,0
246555,0
206743,0
272123,0
270493,0
199696,0
96350,1
143803,1
44682,0
221196,0
36599,0
50798,0
199784,1
113597,0
102402,0
83985,0
126417,0
90678,0
54871,0
137770,0
80749,0
106387,0
114835,0
194193,0
165580,0
48332,1
21742,0
59008,1
58384,0
221999,1
5082,1
97975,1
126263,0
91759,0
117641,0
132118,0
80335,0
96136,0
31667,1
154483,0
224880,1
73413,0
42321,1
85487,0
59161,1
86834,1
94276,0
248762,0
66318,0
162873,0
191957,0
180750,1
88181,0
161695,0
98215,0
213804,0
35315,0
230076,1
163826,0
76983,0
292896,1
77413,0
95009,1
89931,0
111387,0
231481,1
36610,0
125470,0
117252,1
39294,0
85034,0
73691,0
653,0
166349,1
47585,0
68199,1
93505,0
41631,0
84054,1
11606,1
259142,0
67003,0
8545,1
218217,1
199954,0
153659,1
20045,0
50417,0
99956,1
66763,1
112793,1
237799,1
93386,0
279546,0
69857,0
201557,1
55280,0
167111,1
25212,0
86614,0
88941,0
24872,0
45094,1
178691,1
136212,0
131586,0
58548,1
76866,1
247685,0
1769,1
25285,0
5101,0
73794,1
141187,0
33842,0
95267,1
67117,0
121123,0
47840,1
295163,0
118402,1
83724,1
268382,1
35541,1
268414,0
226989,0
229726,0
100286,0
66136,1
41288,1
206523,0
79899,0
21629,1
70252,0
37077,1
84418,1
41940,0
207519,1
66213,1
232785,1
97192,0
36000,1
61210,0
75429,1
192848,1
73630,1
106229,1
255553,0
99533,1
54501,0
124056,0
226430,0
98332,0
48637,0
39239,1
249886,1
164232,0
249428,1
201067,0
251363,0
49489,1
208440,0
93464,0
83889,0
194350,1
148095,0
231668,1
45640,0
171583,1
35892,1
82536,1
52840,0
50512,1
269933,0
55372,0
60549,0
34838,0
125585,1
8584,1
38540,0
232164,0
47003,1
99145,0
191321,1
31959,0
226666,0
97067,0
171681,1
107036,0
191906,0
265282,0
101984,0
271099,0
81842,1
9230,0
30911,0
171340,1
240135,1
15128,0
125876,0
36156,0
67819,1
7630,1
38030,0
87642,0
34803,0
226208,0
114701,0
95734,1
8184,1
141092,0
80640,1
295061,1
126145,0
99018,1
48668,1
30539,1
139077,0
62879,1
74255,0
170199,1
14871,0
97511,0
14562,1
72076,0
55176,0
295025,1
241162,1
36912,1
53662,0
235618,0
9280,0
143407,1
270277,0
41294,1
211357,0
57306,1
29958,0
36129,0
58765,0
40277,1
293292,1
181208,0
36904,1
128851,0
53001,0
136228,1
59665,0
176330,0
57689,0
189067,1
252204,1
115100,0
68820,0
167470,1
96729,0
195625,1
174700,0
61840,0
4166,1
81306,0
62911,0
238978,1
40570,0
87154,1
96058,1
82572,1
62807,0
133731,1
226957,0
197490,1
80797,0
64632,1
64241,0
89601,0
13720,1
65917,1
95212,1
37585,1
134183,0
61234,0
181572,1
111353,0
55498,1
15132,0
115980,0
71403,1
30887,1
48671,0
74720,0
164709,1
259102,1
82742,1
73650,1
152692,1
82967,0
218301,0
65502,0
113965,1
83092,0
126566,1
79618,1
274766,0
91306,1
68571,0
49731,0
86664,1
68033,0
293919,1
56185,0
213383,1
74101,0
12656,1
184708,0
72343,0
152351,0
88896,1
59936,0
4534,0
95809,0
73236,1
287979,0
188087,1
72302,0
271402,0
55004,0
31302,1
77100,0
275695,0
89640,1
261312,1
218027,1
36188,1
78042,0
86423,1
30136,0
99207,0
126707,1
41511,0
209831,1
46079,0
6661,0
105915,0
36217,0
234999,1
44985,1
171458,0
62267,0
19207,0
96737,1
6676,0
55664,1
327,1
232622,0
30717,1
265943,0
94470,0
215163,1
45627,1
16953,0
102632,0
263812,0
47017,1
60835,0
43739,1
121167,0
259146,0
3489,1
79567,1
61344,0
34273,0
79366,0
35866,1
48055,0
100788,0
54113,1
61053,1
61015,0
58472,0
64578,1
149053,1
213019,0
34280,1
73218,0
179584,0
99818,0
68435,0
69181,0
220205,0
92037,1
98102,1
210852,0
89278,0
65770,1
96141,0
159200,1
94708,1
31688,0
69085,1
27365,1
1517,0
157438,0
124884,0
57862,0
32638,0
20,1
54187,1
73125,0
69299,0
9242,0
247022,0
98112,1
261645,1
33317,0
68163,1
95072,1
61619,0
50330,0
135650,0
8355,1
353,0
75203,0
232897,0
54003,0
255304,0
212093,0
63547,0
59927,0
105379,0
63088,0
68268,1
65001,0
550,0
121739,0
68160,1
208446,1
211288,0
205133,0
47695,0
36487,0
106561,1
216453,1
203617,0
95062,1
60143,1
55554,0
148498,1
259900,1
132281,0
270050,0
70019,1
230263,0
63028,0
222262,1
97814,0
69848,0
3117,1
153264,0
93003,1
161041,1
271867,0
289542,1
155054,0
12049,0
45848,1
61765,1
130497,1
174061,1
138234,1
77452,0
246629,0
51481,0
6894,0
54923,1
226376,0
194790,0
47978,1
90784,1
103573,0
263503,0
24919,0
60111,0
141609,0
111375,1
17335,0
200536,1
78495,1
93756,0
45974,1
238348,0
66270,1
46765,0
54120,0
93678,0
250113,0
112023,1
127018,1
226096,0
77126,1
89926,0
54979,0
56757,0
15873,0
97083,0
35647,0
44132,1
259963,0
197859,1
197373,1
174972,1
8260,1
79309,1
155291,0
197908,0
64154,0
227465,0
268017,0
9734,1
50103,1
34165,1
71601,0
75181,1
184087,1
79874,0
199303,0
90964,0
236085,1
113209,1
80494,1
58485,0
98042,1
155876,0
65991,0
137293,0
85464,0
71252,1
134453,0
38672,0
75982,1
98545,0
74924,0
272446,1
129243,1
93186,0
237959,0
75567,1
129461,0
89143,0
38208,0
116757,1
65683,1
251937,0
643,0
31453,0
67555,0
95369,0
60729,1
177961,0
264956,1
61628,1
93660,0
117485,0
73652,1
138025,0
45028,0
186997,1
283561,0
209643,0
45233,0
30419,1
10058,0
89645,1
93160,0
7024,1
61473,0
184829,0
92807,0
31190,1
45488,1
194178,0
54717,0
54316,0
44600,0
227283,0
60452,0
93500,0
96314,0
138529,1
55338,1
205339,0
158053,1
72007,0
31420,1
29901,0
156108,0
60215,0
78779,1
83761,0
36448,1
219235,0
69270,0
90125,0
62294,0
48490,1
242820,1
9731,1
8862,1
37675,0
68821,1
63466,1
178370,1
70983,1
6530,1
98187,1
56236,0
247799,0
88549,1
54998,0
229687,0
88863,0
284421,0
95663,1
249156,1
42149,1
150173,1
20638,1
256368,0
278988,0
128318,0
63474,0
7262,1
31283,0
149916,0
119573,0
183761,1
221342,1
291219,1
214539,1
100410,0
96714,1
256138,0
186947,0
30174,1
88036,1
240608,1
84292,0
22346,0
52413,0
65553,0
59954,1
95356,0
124694,1
27718,0
28740,0
85766,1
142885,1
66633,0
55194,0
79408,0
17466,1
242182,0
66700,1
227098,1
58997,0
57157,0
101392,1
142329,0
101306,1
294239,0
81245,0
52571,1
183717,1
262719,0
162366,0
241764,0
289329,1
20207,0
73108,0
55722,1
85579,1
2615,0
96382,1
65783,0
205022,0
105610,1
86832,1
81149,0
46589,0
245313,0
201536,1
88398,0
229831,1
7355,1
76357,0
261726,0
77181,1
150616,1
70851,0
59331,0
52757,0
38930,1
63896,0
4741,0
78991,0
6896,1
4537,0
261127,0
70995,0
119266,0
90318,0
53992,1
38464,1
281011,0
148882,1
76755,1
205835,1
47092,0
222920,0
262940,0
35475,1
59597,1
21247,1
91228,1
119993,0
4441,0
55437,1
60771,0
49689,0
57459,1
246883,0
239422,1
173789,1
53008,1
98257,0
136818,1
175922,0
123874,0
88382,1
40797,1
80978,0
75138,0
35025,1
200591,1
191819,1
34882,0
85375,0
95521,0
85948,1
90136,0
44776,0
220589,1
100463,0
106122,1
92311,0
131794,1
228253,1
248828,0
97231,0
62646,0
139271,0
291016,0
175669,0
149045,1
92091,0
58792,0
168665,1
3588,0
42213,1
103159,1
37763,1
59544,0
76681,0
99075,0
99438,0
184682,0
36672,1
131704,0
74829,1
36414,0
4638,0
38959,0
184445,0
217770,0
203577,0
648,0
143499,1
253503,0
228445,0
73774,0
161171,1
61865,0
143738,1
228455,0
168273,0
266833,0
96846,0
178617,1
288179,0
382,0
89798,0
8994,1
126353,0
10591,1
138742,0
1701,1
99434,0
94166,0
279946,0
195830,1
31429,0
272436,0
110991,0
69982,1
1098,0
27085,0
79736,0
98249,1
109119,1
243079,1
31377,0
227696,1
28281,0
84153,1
80626,0
281663,1
57001,1
40359,0
93,0
30809,0
31095,0
70165,0
245096,1
9715,0
2783,1
185822,1
111709,0
75974,1
121042,1
138940,1
78259,0
283383,0
174371,1
238795,0
189316,0
57077,0
74204,0
9815,1
118348,1
192080,0
214374,1
222035,0
230271,0
221856,1
65028,1
9159,0
78585,0
50211,0
218417,1
1077,0
16403,1
249769,1
72270,0
75883,0
35192,0
243032,0
91319,0
59201,1
60940,1
242131,0
290450,0
32130,1
93009,0
180793,1
64938,0
71516,0
35395,0
269770,0
47431,0
261467,1
205006,0
56414,0
86490,1
60744,1
80860,1
38057,1
67076,0
272058,1
246937,0
231012,0
68710,1
79045,1
79633,1
64647,0
86390,0
62820,0
3708,0
37197,0
131881,0
78693,0
90523,1
269665,0
177053,0
123941,1
55599,0
239178,0
41072,0
7090,1
36492,0
32970,1
31416,0
85126,0
294085,0
83863,1
79551,0
55188,0
129456,0
56506,0
237690,0
24010,0
71467,0
255246,0
80810,0
85297,0
10110,0
203564,1
163477,0
198308,1
3227,0
60308,1
32124,0
9449,0
86746,1
17089,1
99172,1
214684,1
96051,1
91203,0
207502,0
248283,0
12044,1
225872,0
228302,1
208928,0
30996,0
70862,0
100169,1
30879,1
279875,1
52920,1
53936,0
67289,1
5531,1
263349,0
122287,0
24791,0
265592,1
108827,1
64524,1
275474,0
50256,0
178278,0
79106,1
118156,1
164159,0
199955,1
264424,0
49727,0
214595,0
15059,0
161921,1
189194,1
135450,0
58719,0
82871,0
128033,1
68057,0
210779,0
50283,1
30708,0
53048,1
171303,0
242553,1
69355,1
11365,0
4639,0
50594,0
116638,1
143567,0
222940,1
66084,1
51535,1
223117,0
86274,0
213049,0
67962,0
246721,1
235368,1
8001,1
92810,0
201578,0
263968,0
9105,0
156534,1
19118,1
63937,0
4890,0
8246,1
6759,1
74884,0
39602,0
48263,1
157881,0
69223,1
192245,1
47046,0
260320,0
89786,1
251037,0
309,0
55172,0
219892,0
137265,1
129872,1
31812,1
57564,0
68880,0
99425,1
129808,1
41324,0
286164,0
86852,1
98929,1
213621,1
96652,0
76267,0
178858,1
257239,1
203586,1
98180,0
82879,0
70411,0
55630,1
36227,1
293970,0
86253,1
69540,0
50445,1
81790,0
84955,0
185181,1
115879,1
8737,1
141280,1
18985,1
73220,1
90838,0
58867,1
79597,0
30467,1
57989,1
95628,0
49515,0
47820,1
164968,0
249154,1
31815,0
75517,0
230935,0
251097,1
18936,1
293489,0
60824,0
88439,0
61227,0
166820,1
59473,0
22654,1
200754,0
66856,0
77609,1
266173,0
73713,0
65020,0
39766,0
31005,0
232441,0
263886,1
111534,0
59556,0
53340,0
46880,0
223126,0
186459,0
53084,0
73710,0
117797,0
223393,0
235243,0
86822,0
67284,0
49054,0
235428,0
73743,1
32281,0
115182,0
54432,0
69148,0
77693,1
83681,0
93901,1
117978,0
49555,0
13921,1
214794,0
199884,0
31652,0
148563,1
64818,1
263986,1
42011,1
58712,0
68383,0
77065,1
214863,0
95851,1
77068,0
217921,0
7468,0
115118,0
178118,1
162693,1
60481,0
181027,0
191335,0
67880,0
174889,0
60409,0
232743,1
84338,1
227086,0
66608,0
77927,1
8841,0
70010,0
7574,0
99503,0
40320,1
286830,1
110747,0
63914,1
78029,1
144288,0
4012,0
165139,1
80925,1
80358,0
226580,0
22942,0
259710,0
72369,1
57528,0
168941,0
11029,1
57917,0
66289,0
99296,1
87684,0
169462,0
65555,1
79800,0
50537,1
148406,0
46044,0
80622,1
70923,0
53884,0
260734,1
133578,0
7123,1
63559,1
76305,1
144420,0
77493,0
50618,0
57121,1
61653,0
265121,0
73462,0
206049,0
43711,0
196764,1
53598,0
127367,0
20302,1
244661,0
216497,1
74651,0
76571,1
29944,0
166465,1
171702,1
8636,0
122176,1
194043,0
102875,1
44914,1
123911,1
118676,0
40739,0
48470,0
183807,0
77231,1
95216,0
136653,0
253349,0
84085,1
49019,1
151476,0
52293,0
229988,0
41012,0
253305,1
19240,1
134492,1
44929,1
89403,0
173020,1
217281,0
74313,1
69203,0
86357,1
204937,0
192016,0
57131,1
91923,0
31614,1
82005,0
251832,0
44891,1
98631,0
83505,1
66590,1
3149,0
81439,0
87691,1
118969,1
57523,0
98031,0
172203,0
183837,0
78651,1
138392,1
265719,0
90980,0
76293,1
13370,0
257323,0
171236,0
99511,0
78396,1
272834,0
76709,0
110975,1
29961,0
93370,0
55665,1
71701,0
41977,0
84048,1
36632,0
85064,1
48303,0
125891,1
149828,0
111860,1
7323,1
163142,1
32780,1
79109,1
259663,1
79271,0
227571,1
59670,1
164174,0
50751,0
231549,0
213273,0
231536,0
94935,0
5282,0
93357,0
196973,1
7362,0
112702,1
229504,1
31704,1
90683,0
155816,1
235456,1
155471,0
118721,0
67144,1
8384,1
252043,1
131738,0
17063,0
247308,0
127736,1
272159,0
94465,0
92113,1
96102,1
115806,1
84582,1
174194,0
97301,0
86174,0
174116,0
66773,1
94200,1
206863,0
71920,0
110265,1
787,0
69156,1
137883,0
207948,1
46442,0
61855,1
200152,0
45559,1
38744,0
158879,0
135671,0
90885,1
221098,0
185507,1
149167,1
80019,0
137952,1
127083,0
288521,0
101940,0
222305,0
183500,0
61322,0
60592,1
271956,0
84691,0
31362,0
58072,0
81112,0
93501,1
269452,1
70397,0
52639,0
80412,0
73814,0
50688,1
69858,0
101576,1
46602,0
262929,0
54405,1
80395,0
96007,0
117678,1
82285,0
31638,0
40981,0
218223,1
56020,1
86623,0
46984,0
4933,1
12136,0
43651,0
165685,0
69118,0
228520,0
239658,1
20243,1
178590,1
53508,0
163675,0
16260,0
4445,0
44006,1
234300,1
90461,1
37780,0
69428,0
73429,1
44512,1
68993,1
238147,0
89814,1
187524,1
24876,1
84204,0
234830,0
37357,1
103205,0
169502,0
290627,0
55022,0
33202,0
3498,0
201652,1
7035,0
61249,0
91393,0
4492,0
96014,1
614,1
95790,1
40460,0
231555,0
84602,0
94688,0
285323,1
31921,0
252893,1
290352,0
172534,0
140017,0
267631,0
89027,1
68338,0
218255,0
178907,1
772,0
79414,1
228657,1
217672,1
79282,0
181667,0
192969,0
172658,1
259062,0
64683,0
99702,0
113005,1
86385,0
42002,0
93214,0
77372,0
264741,0
193809,1
5157,1
92648,0
68941,1
100586,1
132470,0
6971,1
161086,0
16261,0
270367,0
78631,1
57420,0
155959,0
85678,0
152295,0
38650,0
77948,1
249449,0
201731,1
35174,1
61360,0
20608,0
52254,0
33899,0
82207,0
37704,0
227174,0
12748,1
99084,0
233815,0
20898,0
54869,0
47823,1
79093,1
283234,0
35690,1
100691,0
37554,0
83383,0
114099,0
262827,0
93768,0
173177,0
167931,0
265643,0
220891,1
94521,0
37168,1
267263,1
248801,0
50720,1
34951,1
235655,0
53060,0
282154,0
87316,0
72857,1
208085,0
41787,0
250220,0
79663,1
18920,0
71206,0
64968,1
228036,1
153138,0
227929,0
31782,1
215141,1
77327,1
144153,0
61336,1
149176,1
164748,1
229464,0
9246,0
236216,0
77773,1
137748,0
92301,1
63366,1
67254,0
75328,1
148640,1
74625,0
115336,0
118817,0
114011,1
162436,1
228339,0
213657,0
90571,0
158860,1
144457,1
184802,1
50916,0
54100,0
34827,0
224046,0
43936,0
275987,0
264854,0
36609,1
38956,1
228668,1
223545,0
140572,0
173952,1
241055,1
95361,1
171213,0
264133,0
254947,0
214062,1
71918,1
106461,1
84989,1
7380,0
99237,1
60062,0
152586,0
77871,0
81674,1
113073,0
30861,0
41447,0
82068,1
41768,1
180147,1
49485,1
51870,0
51018,1
56342,0
94007,0
149581,1
27127,1
43654,0
111074,0
195017,1
43786,1
138919,0
71040,0
50672,0
5183,1
233384,1
49044,0
84483,1
97071,1
57102,0
7395,0
65385,0
157108,1
71502,0
109984,1
209427,0
54961,0
214531,0
234895,1
128845,1
115615,0
225761,0
86229,1
68532,0
233264,0
233350,1
96923,0
89487,1
10859,0
41424,1
172318,0
51911,0
70615,1
245906,0
75595,0
153919,1
282983,0
107794,0
56583,0
211171,0
130801,1
65376,0
99854,0
65383,0
87539,1
242287,0
79423,0
230293,0
216945,0
41999,0
53122,1
153891,0
203550,1
19531,1
210003,1
33339,0
88869,0
126630,0
279180,1
243136,1
166230,1
135490,1
83920,0
75520,0
99233,0
45222,0
172858,0
210426,0
63237,0
33512,0
227194,1
176709,0
136838,0
41044,0
81126,0
75758,0
37731,0
111385,0
247229,1
194784,1
55419,1
260395,0
77072,1
98936,0
48656,0
44523,0
88050,0
18531,1
158986,0
94603,0
36932,1
45835,1
54352,0
32118,0
83718,1
268691,0
160967,1
137926,1
200153,1
71575,0
194389,0
54996,1
246327,0
64624,0
231904,0
92162,0
89779,0
37648,1
121900,0
46412,0
253760,0
93653,0
85701,1
248464,0
203469,0
8008,1
106727,0
40701,0
217690,1
136735,0
192162,1
95685,0
229706,0
847,0
245257,1
210022,1
137806,1
48676,0
46267,1
55746,1
97268,0
69455,1
75177,0
52517,0
30133,1
70607,1
74621,1
19449,1
20461,1
75557,1
97404,1
47568,1
160069,0
52415,0
21809,0
273623,0
37659,1
268381,0
82599,1
269536,0
17361,1
283367,0
71145,0
50506,1
90981,0
3365,1
114364,1
82660,1
79830,0
36790,1
38123,1
59314,0
196622,1
10539,1
235812,0
77076,0
196834,0
56976,0
69842,0
149447,1
85366,0
77109,0
98708,0
66494,0
189282,1
194037,1
258339,0
219674,1
69173,0
233613,0
42226,1
78995,0
82583,0
10640,0
243691,1
196515,0
96444,1
77002,0
257701,0
182471,0
74,0
236264,1
173776,1
91108,0
49992,1
119986,0
273090,1
154640,1
69562,0
79393,0
83918,0
90579,1
276805,0
57618,0
1652,1
224085,0
66065,1
98997,0
102594,1
117917,1
151532,0
86705,1
213757,0
84997,0
82368,1
79973,0
75308,0
252490,0
23087,1
65793,0
152697,0
70212,1
99163,0
75167,0
105945,1
31678,0
241936,1
94851,0
194508,0
33843,0
79507,1
148831,0
93567,0
174933,0
267902,1
97792,1
108965,1
160295,1
215422,1
45893,1
235697,0
172281,1
63472,1
36002,0
162721,1
122451,0
191363,0
95560,0
72878,1
150964,1
60667,0
163026,0
248400,0
94937,0
52981,1
138929,0
656,1
196043,1
80147,0
60106,0
36466,1
87033,1
193349,1
86692,1
162682,1
96464,1
190847,0
125481,0
76471,1
208951,0
175445,1
222385,1
129205,0
215589,0
236267,0
80071,1
253713,0
177027,0
89065,0
230498,0
217867,1
50984,0
62380,0
110626,1
278227,1
4135,0
3001,1
83688,1
144026,0
77764,0
89938,0
38491,0
170302,0
185129,0
204902,0
76148,0
88481,1
170297,1
69386,1
144195,1
74561,0
207147,0
192558,1
50970,0
116270,1
263958,0
183725,1
93827,0
143346,1
54124,1
82998,1
49917,0
154077,1
81257,0
159781,1
75561,0
103103,1
237721,1
89139,1
77759,1
31883,0
212338,0
36797,0
938,0
3385,1
259857,0
157500,1
118363,0
60641,0
93902,0
273881,0
89839,0
258178,0
158614,1
224684,1
156319,0
102762,0
67929,1
48325,0
168984,1
90596,1
27139,1
81020,0
244183,1
76473,0
71703,0
27205,1
57469,0
184208,0
15069,0
78883,1
251701,0
284196,1
263442,0
31727,1
201270,0
131700,0
174526,0
56963,1
33784,0
65937,0
124319,0
143502,1
12144,1
92581,0
27808,1
50795,0
37535,1
150972,0
63354,1
206002,1
5029,0
273117,0
38523,1
98764,1
49186,0
200016,0
30495,0
173279,0
91925,0
54777,1
91691,1
173774,0
75223,1
84311,1
70877,1
37110,0
171357,0
55744,1
76724,1
85773,1
9885,0
46213,0
74719,0
87793,0
196199,1
267563,0
183831,0
58041,0
223704,1
123862,0
66357,1
171904,0
76262,0
64218,1
52728,0
167189,1
242117,0
174524,0
87644,0
66049,0
152615,1
31217,1
9541,0
64081,0
47705,1
165016,0
60296,1
57555,1
269976,0
70187,1
68107,0
37622,1
114994,0
33678,1
39676,1
75274,0
52070,1
250148,0
183629,1
18390,0
92322,1
64584,0
97483,0
89817,0
290505,0
9893,0
197102,0
190610,1
276945,1
31752,1
293764,0
88821,1
91681,1
34291,1
124662,1
63390,0
40493,0
178406,0
38896,0
76182,0
285242,0
235515,1
276050,0
103115,0
7532,0
280308,1
81119,1
79761,1
246029,0
510,0
24133,0
78743,1
106648,1
158989,0
86940,1
120566,0
35099,0
63880,0
46461,1
153667,1
62433,0
231345,0
220141,1
35818,0
101919,0
48730,0
51050,1
54568,0
6758,1
16601,0
71368,1
103961,0
234717,0
165823,1
96130,1
122435,0
51984,1
234585,0
27296,0
59802,0
92083,1
263106,0
127730,1
112438,0
56040,0
206873,0
53855,1
84036,0
295005,0
77432,0
160958,0
23281,0
86723,0
98986,1
82840,1
176230,0
49758,0
244059,0
95760,1
63621,0
52349,0
88444,0
47188,0
234154,0
88865,1
33494,0
165607,1
126778,0
212577,0
144376,0
183888,1
99732,1
85772,1
53498,1
37287,1
7372,0
8103,0
42014,0
244988,0
142930,1
4691,0
221423,0
70992,1
44861,1
175660,0
290319,0
746,1
80884,0
283191,0
218364,1
66130,1
292801,1
141379,0
48043,0
47442,0
252521,1
49897,0
30657,0
40996,0
85606,0
70291,0
49843,1
163242,1
269803,1
184787,0
58939,0
35389,0
44693,0
98107,1
17239,0
76865,0
82147,0
268074,1
113079,0
73249,0
195943,1
38556,0
139356,0
32078,1
65362,0
69754,1
59731,1
193134,1
54209,1
248868,1
112471,0
206492,1
142572,1
49664,1
82570,1
8556,0
57158,0
50053,0
82847,0
57164,0
71739,0
290991,0
164683,0
214453,1
55094,0
70540,1
37233,0
191377,1
67124,1
78964,0
219536,1
186840,0
69807,1
40403,1
151410,1
88406,0
229646,1
103045,1
98466,0
267578,0
192045,0
93874,0
253599,0
7044,1
97291,0
229916,1
5461,1
53996,1
91959,0
214704,1
92154,1
101918,1
30640,1
65816,1
218534,0
44815,0
8349,0
68496,0
121165,1
265238,0
76363,1
75987,1
49798,0
89729,1
71418,0
97330,0
259137,0
200468,1
206706,1
162268,0
125260,1
7420,0
17838,0
142169,1
31258,0
245115,1
264076,1
33133,1
69440,1
34626,0
169371,0
209866,0
196620,0
189084,0
127789,0
233363,1
55527,0
32441,1
208493,0
9510,1
206419,0
152473,0
219559,0
87694,1
153847,0
59835,0
293903,0
191814,1
60033,0
229511,0
19105,0
53567,1
182476,0
165505,1
187752,0
11090,0
181133,0
95484,0
74649,1
156432,0
48884,0
99540,1
204082,0
186105,0
163337,1
39157,1
201914,0
85280,1
250375,1
567,0
85814,1
55421,1
80586,1
111708,0
50500,1
200345,1
110332,1
155014,0
60722,0
37122,1
8878,1
71964,1
73349,1
207380,1
72216,1
38849,0
76062,0
60142,0
223983,0
158447,0
30418,0
51069,0
258984,0
245558,0
273403,1
5266,1
190582,1
165408,1
58129,1
120004,1
294069,0
239512,0
244935,0
99078,0
75289,0
75803,0
281711,0
92693,1
76894,0
179940,0
293720,0
44297,1
40209,0
7571,0
212209,0
44209,0
72258,1
94118,0
32529,0
97386,0
169678,0
94542,0
88868,0
188451,1
129956,0
12785,0
42372,0
95559,1
282336,0
160027,1
168899,0
84288,0
239418,0
24822,0
257660,0
70645,0
61907,1
73315,1
123118,0
90675,1
185902,1
153001,1
92242,1
65058,0
921,0
208094,0
213899,0
32779,1
52687,0
66827,0
94678,1
161203,1
135855,1
106043,1
36419,1
37599,1
140906,0
229929,1
219631,0
249651,0
231040,0
54105,0
138537,0
50571,0
1561,0
62368,0
197542,0
123119,0
44115,0
35925,0
15307,1
251297,0
91962,1
179368,0
33949,1
30030,1
69324,0
199306,0
48147,1
11086,1
102106,1
3688,1
265610,0
32204,1
257360,0
63448,0
68016,0
52206,1
32564,1
208604,1
62912,0
121326,0
45541,1
47127,0
101485,0
149412,1
87598,1
261908,0
19835,1
21360,1
76799,1
78331,1
258623,0
3532,0
79727,0
83275,0
38053,0
228379,1
58772,1
220021,0
223214,0
64080,0
98170,0
224435,1
39730,1
185471,1
17532,0
89026,0
208222,0
149633,1
268555,0
254953,1
90556,1
66021,1
89794,0
127033,1
88992,1
204727,1
16402,1
78788,1
98661,0
54678,0
9870,1
171047,1
197206,1
93379,0
97375,1
194286,0
61086,0
74876,1
63626,0
81099,1
71260,0
4326,1
37052,0
7648,1
228051,0
120180,1
39393,0
223165,1
69337,0
63508,0
51833,0
89387,1
19626,0
200963,1
79784,0
18954,0
93545,0
53827,0
35727,1
178231,0
142208,1
99554,0
3406,0
33453,1
51158,1
224933,1
196281,1
9753,1
56688,0
250055,1
135053,1
68693,0
263994,1
211566,0
135420,0
251025,0
236778,0
67915,0
119943,1
169773,0
85737,0
260425,0
40108,0
2761,0
246012,0
111968,0
30632,0
81137,0
69187,1
100907,1
9716,1
46907,1
234899,0
173572,0
155306,1
49490,0
180923,0
88752,1
71554,0
87608,1
35296,0
148768,0
80639,0
264550,1
95476,1
276602,0
251255,0
62494,1
91826,1
97039,0
74097,1
62379,0
72026,1
166317,0
180505,0
77232,1
89575,1
75959,0
251277,0
162569,0
237788,1
97661,0
77535,0
287112,0
263915,1
58126,0
221173,0
290760,0
68,0
88163,1
263860,1
237626,1
86554,1
31714,1
74584,0
196946,1
36846,1
126903,1
65522,1
89746,1
58158,1
140535,1
167008,1
19645,1
49882,1
32370,0
87248,0
92735,1
4731,1
41059,0
166126,0
53539,1
29989,1
180091,0
14504,1
75866,1
35703,1
2166,0
105745,1
242380,0
26174,1
59855,0
99646,1
47763,0
34681,0
73161,1
222450,0
51800,0
176131,0
241870,1
34598,0
65461,1
117620,0
164112,0
83923,0
35944,0
34606,0
293323,1
67259,1
240583,1
123657,0
34204,1
5387,0
32461,0
76993,1
84594,1
162,0
162965,0
268700,0
195919,1
130322,1
32724,1
51020,0
206403,1
67357,1
80357,0
205024,0
70643,1
17460,0
187124,0
34711,0
230864,0
117854,0
37507,1
28338,0
21224,1
82768,0
37993,0
85145,1
75127,0
41039,0
77436,1
187235,0
73764,0
255045,0
87205,0
173804,0
285459,0
37806,1
66698,0
171274,0
271439,1
81775,0
263925,0
273348,0
41261,0
134519,0
135424,1
208824,0
63305,0
175015,0
50740,0
57933,0
267094,0
54528,0
227362,1
150369,1
67238,0
267212,0
6812,0
293938,1
11122,0
272084,0
87573,0
33882,1
166291,0
255280,0
49007,0
123463,0
126994,0
62798,1
45880,0
160380,0
245442,0
230164,1
61311,1
68414,0
9706,1
62567,0
97114,1
36856,0
213560,1
184966,1
46931,1
26165,0
227862,1
55954,0
96360,1
43791,0
93410,0
129517,0
70891,1
160271,1
51756,1
138283,0
61623,1
63038,0
33484,0
9183,1
195047,0
52032,0
133291,0
43857,0
131635,0
231770,0
175082,0
64255,0
856,0
76338,1
71373,1
48692,0
55699,1
211662,0
60596,0
9145,0
64321,0
121842,1
205099,0
83903,0
86975,0
66868,1
40544,0
240926,0
58958,0
31273,0
3981,0
9491,0
230096,1
148186,0
62188,1
153857,0
185657,0
9813,1
85498,0
35633,0
41435,1
107879,1
119507,0
26521,0
89416,0
65857,0
55423,0
68901,1
74179,0
293057,0
96505,0
215099,0
154217,1
91202,0
284817,0
264907,1
58710,1
108462,0
40745,0
58241,1
61959,0
50272,1
120431,0
116639,0
282433,0
113180,1
83157,0
82154,1
40879,0
88177,0
151452,1
36171,1
63251,1
36333,1
198190,0
86421,0
24347,1
69137,1
230477,1
135592,0
97768,1
237362,0
129089,0
230183,0
190678,1
33345,1
35140,1
210278,0
49052,1
70620,0
83330,0
74143,1
97742,0
6511,0
169045,0
210574,0
70452,0
92114,1
57575,1
89448,0
37726,1
264573,1
76697,0
163040,0
48915,1
36399,0
74026,0
7431,0
172770,0
197167,1
74861,0
5488,0
226923,0
52715,0
3800,0
101318,0
137702,1
57785,1
224934,0
85713,1
91638,0
25566,1
159030,1
232922,1
94185,0
79670,0
111354,0
5058,1
72950,1
31131,1
64662,1
267916,0
186417,0
68443,1
8492,0
255241,0
271692,0
62803,1
180007,0
267037,0
9752,0
65763,0
258187,1
57744,1
222,1
166217,1
4746,1
54900,1
96864,1
74113,0
48254,1
96612,1
89111,0
162671,0
52225,1
239538,0
228195,0
77150,1
209048,1
89118,0
98778,1
69158,0
16595,0
90862,0
23684,0
193377,1
161971,1
40385,0
90197,1
220700,0
87100,1
37691,1
91239,1
76027,1
124045,1
138620,1
3437,0
127189,1
86094,0
32741,1
140745,0
270554,1
122548,0
247147,1
79017,1
256903,0
38721,1
109933,0
58616,0
48353,1
9304,0
92152,1
235220,0
1369,1
50721,0
76942,0
39619,1
141576,1
106695,1
151221,0
227050,1
45655,0
166201,0
148110,0
100641,0
224142,1
37728,0
112324,1
98809,0
44240,0
96918,1
8212,1
261905,1
92484,1
58658,1
72792,1
243332,0
40615,1
182159,1
169102,0
59208,0
64060,0
265682,0
192027,0
225006,1
60611,0
11942,0
92862,0
474,0
149519,0
161725,0
179864,0
215853,0
229215,0
69192,1
200060,1
49601,0
90998,1
154941,1
71135,0
211709,0
93185,0
43922,1
84949,0
223390,0
156332,0
129493,0
91547,1
11809,1
159580,0
55703,0
64790,0
40684,0
2470,0
21849,0
95731,0
109065,0
17251,1
213991,0
65034,0
153898,1
3844,0
55949,0
75316,0
62598,1
66106,1
37487,1
50206,0
17397,0
93849,1
128373,0
90922,0
293959,1
71512,1
61756,0
69235,1
243627,0
21091,1
249100,0
236417,1
89603,0
286629,0
295016,0
246162,0
168752,0
74442,0
168123,0
56461,1
265305,0
279127,1
80625,0
36871,1
77978,0
116158,0
80714,0
117880,0
279674,0
190899,1
73422,1
84824,0
151724,0
160044,1
35572,0
131503,0
176877,1
260006,0
210579,1
262955,0
293689,1
101650,1
10463,0
154175,0
87907,0
51863,1
118309,0
41978,0
61272,0
52399,0
50113,0
3111,0
47855,0
40186,1
96928,1
47607,1
105855,0
56728,0
226786,0
83623,1
123153,1
95849,0
174024,1
54312,1
246692,0
39328,0
81702,1
34202,1
10363,0
225397,0
99493,0
166874,0
156455,0
71665,0
191783,0
15061,1
94091,0
95680,0
81683,1
264751,1
122014,1
79740,0
240161,1
41709,0
262109,0
86838,0
249220,0
111954,1
94197,1
136193,0
47949,0
82465,0
31039,0
33659,1
40897,0
35456,0
204322,1
217490,0
77086,0
15141,0
69080,0
64794,0
50665,1
114167,0
65581,0
228291,0
85240,0
8446,1
260173,0
89937,0
61259,0
262305,0
190770,1
37362,0
48732,1
153307,0
42124,0
79090,0
75136,1
58024,0
251650,0
87782,0
140447,0
86106,0
33830,1
13432,1
16832,0
53123,1
49356,1
268007,1
114131,0
159408,0
20560,0
50191,1
61680,0
60852,0
77950,1
270354,1
98128,0
44685,0
48513,0
225212,1
243278,0
243800,1
71576,1
45971,0
39154,0
227783,0
58988,1
124765,1
59630,0
232994,1
51046,0
148234,1
62476,1
191518,0
84398,0
64414,0
728,0
124849,1
86649,1
78173,0
90176,1
236837,1
83008,0
259162,0
173403,0
170742,1
72853,0
66403,0
14285,0
56467,0
48553,0
80107,1
93681,0
223500,0
194564,0
75439,1
68391,0
72850,1
90791,0
47965,0
164355,0
46978,0
25583,0
253595,1
251491,0
34077,0
243559,0
219881,0
51712,1
204879,1
52411,1
82592,1
56068,0
14419,0
87685,0
76226,1
10663,1
199651,0
32101,0
110636,0
86796,0
199415,0
260959,1
88126,1
79033,0
269797,0
79520,0
96732,1
17195,0
88705,0
48502,1
193042,1
157597,1
227031,1
198172,1
162225,0
7076,0
77127,1
71319,1
29846,0
8132,0
74127,1
57163,0
49832,0
79524,0
154005,0
75475,1
90886,1
185415,0
29972,0
150246,0
115377,0
62665,0
38637,1
28399,1
17416,0
57223,1
39966,0
61978,1
201813,1
207195,0
52037,1
276583,0
68172,1
93058,0
292893,0
139122,0
27545,0
94025,0
212030,0
32404,1
122939,1
123257,1
34580,1
79222,0
12814,1
60318,0
130166,0
236575,0
62719,0
114362,0
53004,1
51240,0
163811,0
138761,0
208759,1
18158,0
173964,1
87606,0
171843,0
57718,1
38425,0
157365,0
97589,0
44046,1
36269,0
41636,0
33874,1
95822,0
12694,0
152178,0
25283,0
94312,1
67133,1
87618,1
55734,1
66865,1
242148,1
79833,1
96463,0
42185,1
67587,1
37397,1
169278,1
173471,0
289393,0
1612,1
35030,1
244012,0
82925,0
963,1
215242,1
133198,1
89163,0
40546,0
43623,0
54178,0
206597,1
125356,0
195933,1
83097,0
1196,1
213023,1
213057,1
136147,0
26422,1
173600,1
102672,1
59171,0
120350,0
131132,0
62471,1
55187,1
54495,1
45279,0
64912,1
51938,0
31666,0
14844,1
71565,1
53911,1
45621,0
34348,1
93250,0
68760,0
193886,0
54605,0
63522,1
83531,0
234577,0
237684,0
132515,1
19922,0
28125,1
62151,0
257575,1
84966,0
63034,1
248363,0
217387,0
134000,0
110058,1
227396,1
74643,0
196811,0
189122,1
265457,0
289039,0
188427,0
249950,0
98569,0
211007,1
98881,1
91093,0
203163,1
57725,1
254274,0
94212,1
111911,0
183658,0
46973,0
81616,0
216039,0
37729,1
155082,0
97834,0
36262,0
9896,1
4263,1
91383,0
126097,1
250759,0
94652,0
150096,0
78902,0
51016,0
259509,0
37360,0
14908,1
286482,1
107491,1
96066,0
254115,0
51017,0
94902,0
49484,0
159088,1
95100,0
57792,1
66707,0
238349,1
79577,1
30803,0
126721,0
110549,0
87378,1
260825,1
79595,0
5406,1
181919,0
153539,0
90173,0
84389,1
68610,1
38933,0
95302,0
72219,1
35567,1
7592,0
250919,0
66473,1
59248,0
8637,0
90736,0
94716,0
248657,0
35746,0
267315,0
62868,0
76821,0
31730,1
58487,0
94977,1
28435,0
129484,0
92248,0
9933,0
86632,1
8516,1
69382,0
60864,1
85317,1
106977,1
115093,0
36872,0
99235,0
90997,0
41845,0
246892,0
105318,0
60648,0
138960,1
33476,1
5398,0
212678,1
64101,1
49956,0
48659,0
3614,0
227664,0
195470,0
59984,0
94663,1
88138,0
96620,1
176383,0
220511,0
261063,0
112129,0
100630,1
7448,0
198662,0
59132,0
88339,1
96140,0
39808,0
191435,1
230660,0
252954,0
152691,0
159311,0
166901,1
95558,1
45055,1
292128,0
92110,0
36704,1
97427,0
149246,0
78917,0
153077,0
234206,1
91402,1
89090,0
55184,0
85576,1
208862,1
93662,1
52153,0
62676,0
73511,0
13771,0
226604,1
93642,0
4151,1
182431,0
94303,1
158890,0
4002,0
79481,1
36706,1
150881,0
109950,0
75761,0
64873,1
95003,0
242402,0
236548,0
51979,0
41428,0
33198,1
73288,1
110923,0
47754,1
19988,0
34480,0
79350,0
95443,0
158570,1
227720,0
97630,1
61986,0
277602,0
50463,0
30920,0
81351,0
98176,1
209490,1
40196,0
74275,1
68744,1
68874,1
96827,1
75804,0
170095,0
17538,0
99472,0
27217,1
112953,0
124498,1
5102,1
51727,0
203111,0
84804,0
200588,0
171699,1
54861,0
58127,1
275702,0
166305,0
177392,1
55112,1
92293,0
3019,0
44657,1
81974,1
218177,1
27689,0
267304,0
115494,1
48203,0
86290,0
199960,1
41359,0
71845,0
60589,0
8131,1
251906,1
136806,0
96680,0
198939,1
108442,0
44783,0
44991,1
69690,0
240373,0
195988,0
183703,0
69506,0
86734,1
66364,0
253514,0
178034,0
49073,1
41645,1
44135,0
50667,1
225928,1
60063,1
159289,0
90889,1
18852,0
205072,0
128687,1
220888,1
163146,1
24589,0
76359,1
204895,1
238158,1
194860,0
88598,0
55246,0
73360,0
110631,0
239118,0
58031,1
52507,0
211704,1
166188,0
55567,0
85484,1
171159,0
260765,0
30651,1
270576,0
189254,0
216590,0
3039,0
140055,0
187106,0
3327,1
236436,1
66166,0
80355,0
24435,0
229615,1
87044,0
245586,0
36759,0
174690,0
46116,1
273372,0
73151,1
284251,0
117492,1
57942,1
46052,0
75178,1
4529,1
72184,1
37277,0
95279,0
92701,0
75950,0
38437,0
161187,0
61924,0
60989,0
217800,1
115739,0
29900,0
99830,0
64152,0
88116,0
135529,1
43783,0
95709,0
87061,0
37502,1
192300,0
191563,1
247098,0
76810,1
45856,1
58136,0
50890,0
188306,0
170051,1
250901,1
114678,0
273767,0
59121,0
165973,1
99348,1
18956,1
72902,0
67799,0
79449,1
41502,1
226183,1
295286,0
123407,0
37112,1
32904,1
155836,0
9379,1
31514,0
224021,1
220820,1
36281,1
75060,1
76550,1
82627,1
142897,0
49338,1
74826,1
60146,1
7552,1
64212,0
181468,0
236631,1
215037,1
82392,1
36979,1
34361,0
200806,0
7681,0
47694,0
81088,1
27174,0
198176,0
47462,0
89261,0
201063,0
240609,0
44898,1
39123,1
56797,0
20125,0
257097,0
71268,0
200369,1
77976,0
87192,1
8149,0
38938,0
88635,1
268245,1
50828,0
75284,1
44564,1
47144,1
176734,0
74354,0
175848,0
79299,1
18578,1
98359,0
60666,1
85945,1
183736,1
64187,1
117001,0
47060,1
278064,0
76790,0
33321,0
60608,0
219732,1
170086,0
205719,1
7647,1
186676,0
75606,1
55304,0
56854,0
68091,0
208404,1
218904,1
35483,0
97149,0
95091,1
142297,1
85804,1
201827,0
99374,1
129986,1
69387,1
65652,1
105501,0
122008,1
172120,0
72959,0
91495,0
69210,1
8438,0
46850,0
46738,0
82331,0
137560,0
119607,1
232376,0
120318,0
125338,0
181053,0
89238,0
54,0
4835,1
60820,1
239381,1
80663,1
78064,0
187351,1
54519,1
94271,1
226700,0
125655,1
81851,0
125420,1
232830,0
144804,0
39774,1
15310,0
61811,1
163745,1
50569,0
90311,1
217773,0
257062,0
212985,0
272427,0
163445,0
47548,1
94523,1
153332,1
48973,0
78619,0
693,0
29935,0
71854,0
224767,1
240762,0
70829,0
166373,0
88228,0
294305,1
60232,0
51414,1
28460,1
89160,0
271064,1
77185,0
8876,1
169332,0
70247,1
200357,0
225778,0
101973,0
236195,0
57245,0
84609,1
31557,1
77361,0
191649,0
73977,0
135623,1
69174,1
96628,1
252655,0
53573,0
33940,1
243027,1
67827,0
67563,1
157459,0
257583,1
83350,0
121159,0
34560,1
154813,0
187268,0
23534,0
165270,0
68987,1
79809,0
143863,1
223375,0
96124,0
235401,0
255590,0
138024,0
56007,0
126861,1
56664,1
110604,1
67466,1
100031,1
94843,0
99536,1
214979,1
88054,1
241846,1
46586,1
238115,1
66488,0
94638,0
92543,1
4916,0
64496,0
45327,1
65338,0
87923,0
7565,1
82935,0
74126,0
81619,0
87632,1
34969,0
66501,1
105486,1
175007,0
163538,0
48112,0
82803,1
224775,1
39278,0
68444,0
170116,0
170002,0
96434,1
36118,1
96440,1
50760,1
218728,0
30980,1
45437,0
220652,1
55955,1
51347,1
9191,0
21268,1
144086,1
253552,0
6651,0
84595,0
52148,0
445,1
101898,0
41897,0
83368,1
28913,0
157879,0
91083,0
282916,1
291045,1
142947,0
131272,0
267164,1
86283,0
94404,1
181975,0
172298,0
73599,0
63126,0
184878,0
60477,0
190686,0
33048,0
109253,1
6616,1
95620,0
99325,1
58097,0
293437,1
87338,0
158992,0
92730,1
60587,0
148801,0
45768,1
83537,1
16391,1
237396,1
35381,0
102652,0
241868,1
143994,0
85633,1
110980,1
32280,0
88255,0
242191,0
190753,0
8172,0
25227,1
64293,0
294513,1
73019,0
85670,0
191822,0
95367,1
182432,1
64772,1
39498,1
242183,1
292207,1
40623,0
148027,0
23111,0
93419,0
65192,0
81753,1
213112,1
157935,1
135600,0
13457,0
8830,0
36451,0
254486,1
158540,0
284277,0
34186,0
99229,1
38228,1
162820,1
117861,1
25604,0
63221,0
23073,1
215946,0
223929,0
173542,1
198646,0
65281,0
91578,1
69208,1
82966,1
75805,0
61093,0
236032,1
228617,0
92498,0
136511,1
4742,0
99083,0
85430,1
89073,0
190755,1
207367,0
25424,0
51079,0
60810,1
73334,0
273344,0
210702,1
254003,0
93724,0
157542,1
211153,1
242181,0
8385,1
196165,0
31326,1
153992,0
50642,1
179005,0
134590,0
226331,0
70809,0
38617,1
30215,1
64555,0
275111,1
41927,1
78368,0
7483,1
67308,1
41957,1
284481,1
86074,1
155692,0
79589,0
36167,1
34899,0
62652,0
89413,1
88956,0
80243,0
73363,1
58645,0
213114,0
49402,1
50357,1
156971,1
115288,0
80229,1
58103,0
135409,0
256851,1
284662,0
206310,1
132967,1
62620,0
132204,0
39051,1
237973,1
46323,1
44450,1
13788,0
285379,1
270960,0
93221,1
258536,1
179421,1
62069,0
161992,0
7634,1
44974,0
89531,1
53916,0
158191,0
237736,1
183564,0
43670,0
172306,0
152187,0
277957,0
79537,0
98020,1
171111,0
139111,1
45402,1
42363,0
87043,0
52885,1
23180,1
54144,1
293028,0
80353,0
107254,1
8158,0
40664,1
208979,1
97082,1
91219,1
93718,0
41138,0
226558,1
73018,1
98884,1
48913,0
58350,0
251200,0
171011,0
166067,0
171461,0
77216,1
20296,1
288052,1
70448,0
79064,1
249356,1
176414,1
9921,0
266769,1
235816,1
51999,0
155646,1
99188,1
294032,0
89104,1
175593,1
253034,1
170955,0
87186,0
11491,1
45114,0
49578,1
197368,0
127608,1
107126,1
239225,0
55945,0
216866,1
57794,0
255475,0
31875,1
56296,1
207320,0
62751,0
82030,0
78175,1
180900,1
59659,0
32873,0
6825,0
66861,1
38441,0
86323,0
66948,1
58135,0
96586,1
6880,0
58025,1
273413,1
230395,0
137845,1
8574,1
91188,0
53576,1
81321,0
48906,0
233578,1
159784,0
41223,0
63915,1
139200,0
153508,1
210829,0
166298,1
21241,0
184798,1
59277,0
53701,0
172538,0
89066,0
40270,0
144834,0
37680,0
26334,0
7585,0
140384,1
36254,0
82356,1
262039,0
72505,0
99789,1
60946,1
54785,0
162013,1
293800,1
36745,1
93803,1
35659,0
108525,0
40318,0
193524,1
163605,0
219545,1
216905,1
85349,1
85310,1
46904,1
122953,1
239897,0
62306,0
258431,0
142495,0
180783,1
199451,1
267981,0
164383,0
212725,1
96250,0
77980,0
99648,0
196862,0
85695,0
53760,1
231154,1
6713,0
237624,0
290513,0
289516,0
95153,1
60195,0
18931,0
25828,1
15579,0
140030,0
5028,1
212078,0
45097,0
228804,0
81089,0
79140,0
90796,1
120553,0
48423,0
62000,0
123072,0
57344,1
162279,0
179332,0
67925,0
228934,0
55427,1
9726,1
158063,0
193150,1
107851,1
72042,1
41430,0
50560,0
60037,1
248145,0
57351,1
4975,1
226463,1
55588,1
49441,1
83120,0
54994,0
254575,1
34715,1
69182,1
85486,1
209510,1
9912,1
92040,0
220466,0
33911,0
109532,0
62018,0
80820,1
49986,1
129501,0
164265,0
28758,0
41111,0
71801,1
142366,0
188897,0
8046,0
184407,0
70121,0
174930,0
96542,1
122118,1
46651,0
98978,0
81566,0
38894,1
163276,0
50337,1
85532,0
18571,0
92107,0
31693,1
64935,1
251122,1
54256,1
108154,0
50232,0
71173,0
89343,1
40161,1
205803,0
185109,0
46853,0
179060,0
54403,1
34734,1
219273,0
123552,0
67190,0
69774,1
112375,1
87351,0
7078,0
98561,1
42168,0
39358,0
262900,0
94218,1
215471,0
264524,0
101581,1
32592,1
92274,0
73112,0
124244,1
256219,0
284444,1
189058,1
34351,0
46763,1
48003,0
250298,0
23192,0
34238,0
122227,0
272648,1
43967,0
54326,0
77352,0
38426,0
55253,0
30633,1
123361,1
40227,0
77326,1
99837,0
3558,1
48236,1
166891,1
242188,0
241986,1
2881,0
40347,0
6762,0
38706,0
79777,0
48051,0
32651,0
151063,1
65203,0
134829,1
52548,1
270225,0
55295,0
211590,0
71555,1
238053,0
67483,0
88836,1
79137,0
70906,0
47235,1
143445,1
76858,0
60099,0
72868,0
85404,0
30853,0
70950,1
57415,1
80551,0
98854,1
21931,0
98635,0
262318,0
84337,0
130765,1
56387,0
243337,1
165255,1
294693,1
63212,0
226265,1
52015,0
153520,0
91629,1
258121,1
134396,0
45905,0
84590,1
257708,0
256009,1
126052,1
32094,0
201396,0
28458,0
85588,1
19430,0
188469,1
77482,0
96782,0
162218,0
7913,0
95881,0
42306,1
208484,1
253100,0
62612,0
32667,1
60415,1
167233,0
291765,1
6520,1
85838,0
87437,1
62672,1
221406,1
58479,1
46130,0
241145,0
294062,1
229488,0
103116,1
74289,0
86190,1
47732,0
152074,0
34820,0
221733,0
16073,0
5182,0
65420,0
50805,0
60307,1
4444,0
82725,0
40724,1
99271,1
289357,0
53068,0
8364,0
47310,0
232287,0
190838,1
48825,1
102400,0
68541,1
199933,1
4770,1
273626,0
40120,1
171093,1
93856,0
19764,1
295123,1
43874,1
9489,0
62916,0
162395,0
63110,0
215908,1
70284,1
94807,0
4968,0
36507,1
74526,0
59983,1
83105,1
211503,1
151867,1
95711,0
54965,0
8693,0
12807,1
92435,1
234677,0
211229,0
240650,0
192297,1
77119,1
11083,1
6864,1
105886,0
77335,1
71134,1
68115,1
107923,1
53913,1
53632,0
58288,0
64390,0
59923,0
103828,1
139912,1
68323,1
97993,1
208949,0
58194,0
113928,0
196648,0
98277,1
979,0
10402,1
30392,0
225127,1
60954,1
38982,0
49728,1
96720,0
91518,1
3680,0
118914,1
293545,0
89391,1
36889,0
191638,0
207489,0
156480,0
58609,0
9295,0
233239,0
35823,0
5463,1
211917,1
84996,0
77984,1
75983,1
201383,1
92793,0
270972,1
76598,0
67731,1
58478,0
237207,0
110382,1
225131,1
95307,0
84176,1
193092,1
236041,1
257053,0
49399,0
91248,0
70696,1
79774,0
97755,1
7697,1
225834,1
38063,0
84189,0
70899,0
30415,1
253318,0
62607,1
180526,1
31634,0
235998,1
52628,0
46844,0
83534,0
38538,0
63958,1
128329,1
77814,0
102510,0
82038,0
211116,0
210138,1
239484,0
284128,0
66493,1
64545,0
107229,1
67922,1
91087,1
90676,1
94209,1
4258,1
89791,1
37777,0
77406,0
61260,0
25279,1
82445,1
247898,0
288001,0
47986,0
217162,1
89330,1
85559,0
87514,0
48127,0
65260,1
97453,0
50484,1
232113,0
36980,1
252777,0
47201,1
40584,0
10192,0
2748,0
75462,1
115505,1
83436,0
271832,0
165260,0
9602,1
61424,0
211458,1
241373,1
61775,0
182467,0
63561,0
170991,1
46642,1
199983,0
74620,1
67390,0
91261,0
92527,1
80394,0
132812,1
198370,0
177058,0
68531,1
123516,1
100496,1
188338,0
114533,1
153453,0
5285,0
164168,0
192022,0
137028,0
67613,1
45384,1
82055,0
75587,0
158067,0
82439,1
39999,1
702,0
208599,1
8539,1
191734,1
107237,1
174059,0
272658,0
212352,0
73504,1
173463,1
5417,0
98858,1
51127,1
38586,0
56885,1
57520,0
271399,1
66329,1
46855,1
207525,0
92017,0
117357,0
213236,1
8015,0
113472,1
32579,0
84432,0
179633,1
120735,1
37295,0
47836,0
76738,0
196214,0
68135,0
84929,1
246970,0
46406,1
59531,0
270596,0
84694,1
52052,1
7589,0
71705,0
124743,0
1484,1
52121,1
62269,1
48985,0
272526,0
41817,0
182478,0
187632,1
182327,0
219620,0
64911,1
264999,0
51665,0
294745,1
44690,1
52306,0
240456,0
14136,1
80242,0
138107,0
83900,0
35342,1
124387,0
261928,0
234276,0
40350,0
93913,0
95239,1
98143,1
80596,0
52194,0
49767,1
6677,1
125511,1
3026,1
50705,0
273242,1
157379,0
8301,0
101366,0
83784,0
220986,1
247828,0
168737,0
60595,1
50282,0
7285,0
39784,1
142810,0
208621,0
58344,0
168381,0
131038,1
100981,0
56284,0
96061,0
255354,1
57031,1
27068,0
156436,0
68708,1
93154,0
267619,1
8195,1
68558,0
255839,1
248698,0
78183,1
141521,0
233415,1
251772,0
31889,1
68502,0
220732,1
49316,0
32018,0
252999,0
269353,0
287139,1
59407,0
87041,0
289466,1
89106,0
93347,1
3644,0
77597,0
98742,0
70176,1
83834,1
17654,1
59508,0
141868,0
31028,1
170135,1
100026,1
110926,0
58265,0
4897,1
61201,0
66459,0
14742,0
94955,0
84479,0
97137,1
206178,1
81360,1
120282,0
63874,1
62085,0
31451,0
51010,1
64593,0
67383,1
41653,1
87943,0
264647,0
50477,0
219044,0
77238,1
223949,0
186741,0
80803,1
19821,0
46726,0
281699,0
91401,1
227374,0
85153,1
196003,1
53635,0
16197,0
61492,0
40911,0
16490,1
49922,1
43663,1
70467,0
53748,1
123551,1
51730,1
188814,0
140158,1
97332,1
198711,1
33491,0
36322,0
234191,0
58374,1
114782,0
65902,1
226805,0
182062,1
34599,0
187093,1
58860,1
61794,0
269354,0
46847,0
41056,1
57416,0
77140,0
34406,0
72018,1
35191,1
5290,0
237408,0
231822,1
194277,0
158348,1
211495,1
33616,0
56559,0
32618,1
162293,0
154122,0
192990,1
292101,1
83077,0
52089,0
31734,1
57804,0
81128,0
93690,0
10851,0
116321,0
219153,1
94763,0
66383,1
107960,0
216217,1
192939,1
102631,0
85994,0
11399,1
72981,1
34111,0
245730,0
52958,1
76605,1
264924,0
39559,1
39116,1
36967,0
19774,0
96791,1
136007,0
50964,1
226317,1
130358,0
262854,0
84327,0
2583,1
33361,0
83926,0
82204,0
35745,1
32111,1
58142,0
316,0
78691,0
72802,0
42085,0
83935,0
165658,0
37839,0
88686,1
91572,1
123490,1
26815,1
68859,0
85953,1
270452,0
199695,1
99609,1
220951,1
171790,0
81450,0
40922,0
22926,0
156858,0
190659,1
99899,0
29902,0
58768,1
51914,1
142928,1
32634,1
39211,0
231761,0
135575,1
88911,1
232801,1
105643,0
3693,1
257151,0
89505,0
153385,0
41827,1
239801,0
261314,0
266722,0
58834,1
85807,0
8012,0
16284,0
252529,0
269368,0
7245,0
140418,1
232443,1
65474,0
5489,1
67857,0
78055,0
7546,1
264896,1
148687,0
38210,1
49726,0
69592,0
40484,0
283409,0
71429,1
24897,1
75403,1
116118,1
256422,0
123039,1
89974,1
35720,1
245204,1
223595,1
35676,0
18675,0
111996,0
260293,0
52260,1
184352,0
45910,1
58541,1
40913,1
59955,0
85908,0
98459,1
265348,0
145344,1
66979,1
114122,0
40072,0
49406,1
42357,1
64018,1
56993,0
191885,1
85637,0
214874,0
33310,0
60849,0
149716,0
256264,0
92403,0
188195,0
95040,1
63891,0
90386,0
79934,0
58838,0
272716,0
778,0
63572,0
100022,1
268703,1
236768,0
252390,0
55102,1
72271,1
78214,1
223462,0
38683,1
97524,1
39075,0
3020,0
133140,1
84893,1
59581,1
155458,0
236433,0
87038,1
130775,0
11590,0
8763,0
28098,0
71791,0
133900,1
237888,0
98406,0
139541,1
17851,0
78687,1
48612,0
39568,0
93168,0
246156,0
220044,0
95333,0
78475,0
81354,1
80597,0
53034,0
29724,0
35071,0
239327,0
20801,0
34693,1
7595,0
37202,0
82981,0
32330,0
227081,1
161235,0
242598,1
68522,1
86810,1
203127,1
122948,0
290744,0
75264,0
63140,0
66576,1
242876,1
56479,0
84112,0
125406,0
41867,0
7361,0
38291,0
193478,1
93989,0
95015,0
36948,0
137640,0
114126,0
124751,1
98066,1
102262,0
32996,0
52255,1
220111,1
87498,1
140252,1
67662,0
27025,1
122822,0
50695,0
20726,0
229738,0
54447,1
64516,0
105545,0
41109,1
187059,1
55888,1
140386,0
185468,0
184540,1
133127,1
289761,0
78668,1
240574,0
14578,0
234965,0
9798,1
82024,1
50133,0
157323,1
82334,0
56043,1
63032,0
71662,0
84873,0
35847,0
58789,1
52436,0
4219,1
47873,0
270750,0
37065,0
207754,0
69411,1
73663,0
20202,1
25196,0
83464,1
4088,0
240505,1
284569,0
248586,0
194098,1
224440,0
82760,0
3276,0
177257,0
59657,0
279561,0
191970,0
11117,0
60624,1
49707,1
62976,0
53864,0
143275,0
61597,1
221031,0
78851,1
69735,0
5007,0
39932,1
85765,1
58050,1
81288,0
98462,0
89762,0
84973,1
40542,1
85332,0
76003,0
14939,0
164390,0
294681,0
249219,0
99859,1
227104,0
60042,0
197032,0
86487,0
275689,1
225984,0
81718,1
66027,0
47918,0
102168,0
214617,0
294268,1
190570,1
76864,1
41497,1
223992,0
258146,0
86302,1
73127,1
70688,1
71180,0
64811,1
258635,1
65198,0
89195,0
97843,1
63419,1
91613,1
80403,1
83650,0
73192,0
243232,0
230559,1
267703,0
76827,0
3893,0
17252,1
158784,0
135175,1
29716,1
88345,1
38791,1
83209,1
53588,1
94554,0
534,0
121966,0
39551,0
171542,1
4043,0
165731,0
123340,0
259962,0
39931,0
23440,0
242582,1
84860,0
230513,0
79605,0
89310,1
19219,1
46397,0
268749,0
289266,0
254544,0
83098,1
246867,0
62600,0
12463,0
251931,0
57909,0
264684,0
82631,0
47984,0
24360,0
71619,1
76461,1
276125,0
57641,1
153597,0
52456,1
90519,1
118601,1
32183,0
43756,1
224795,0
11250,1
44612,0
25008,0
57733,0
134113,1
20062,0
90610,1
70695,1
169561,1
41877,0
80013,0
226704,1
190,0
88753,0
155763,0
25142,1
56639,0
290238,1
21372,0
61022,0
129168,0
19479,1
88724,1
8061,0
167081,0
85055,0
81327,1
195496,0
51209,1
223607,0
13978,1
79629,0
45599,0
84831,0
92401,0
94547,1
83858,0
87079,1
77393,1
249464,0
46266,0
61241,1
48161,1
226674,0
151181,1
241031,0
5108,1
71052,0
229998,1
67065,1
50786,1
9248,0
58879,0
80694,0
66271,1
231174,1
102989,1
54893,0
262347,1
262964,1
94195,1
148398,0
62264,1
108211,0
30748,1
161217,0
116033,0
200849,1
42114,1
155540,1
138772,0
74492,1
294564,0
114821,0
89155,1
162970,1
175526,0
161519,0
50581,1
50762,0
9438,1
53777,0
83160,0
219268,0
73121,0
80781,1
230284,0
85066,1
73300,0
80442,0
140102,0
55793,0
90077,0
113677,1
269322,0
89799,0
86040,0
85507,0
66128,0
44794,0
198450,1
58900,1
236589,0
39104,0
247415,0
62576,1
93480,1
56322,1
99435,1
88672,0
49910,1
9963,0
165532,0
98642,0
38525,0
84690,1
158107,1
185102,1
273205,0
212012,1
220072,0
61669,0
24240,1
134692,1
56129,0
66778,1
74558,0
190477,0
66670,1
65711,0
118414,0
38887,1
96435,0
189034,0
141404,0
166971,0
91719,0
267001,0
88485,0
31613,1
107968,0
67999,1
35210,1
78605,1
31239,0
108501,1
40395,0
109577,1
53351,1
30206,0
155022,0
114600,1
31108,0
26288,1
166708,0
64134,0
95426,0
9332,0
60734,0
111627,0
72866,0
250952,1
80333,0
88391,0
65791,0
37736,0
79997,1
233888,0
48946,0
222068,1
27030,1
50320,1
165299,0
59956,0
93328,0
85836,0
133360,1
33991,0
218807,1
49503,0
83472,0
40877,0
39411,0
207395,1
176203,0
153373,1
93427,0
41226,0
293283,1
52654,1
197429,0
93871,1
185395,0
273304,0
16964,1
80307,0
76587,1
112425,1
138405,1
96379,0
85167,0
3820,1
36635,1
86837,1
45320,1
43640,0
261608,0
35195,1
131920,0
51444,0
169442,1
292003,0
39757,1
70594,0
198554,0
56276,1
188621,0
73355,0
119247,1
130504,0
85999,0
48163,0
228184,0
64146,0
282355,0
44858,0
231184,0
168965,1
33980,0
72215,1
34846,0
70803,1
33138,1
244135,1
73993,1
178177,0
33514,0
100376,0
51376,1
57807,0
179694,1
211008,0
70585,1
48126,0
176300,1
89745,1
48965,1
57359,1
171830,1
58114,0
98688,1
258743,0
34766,0
39036,1
64597,0
51965,1
10093,0
201042,0
92859,0
54694,0
205473,0
193919,0
183573,0
114046,0
184989,0
34054,1
80954,0
226552,1
75161,0
247910,0
47604,0
87946,0
154315,0
41153,0
54296,0
257604,0
81886,0
165148,0
57009,0
29898,0
268654,0
82478,1
9307,1
39509,0
34614,0
42198,0
138404,0
112223,0
53793,0
153549,1
78766,0
86658,1
81636,0
118754,1
62853,0
61781,1
72195,0
235141,0
149230,0
66068,0
50107,0
191714,1
214108,0
257887,0
101922,1
90789,1
11398,0
97864,1
35792,1
174485,1
249114,1
99440,0
30150,0
164473,1
20993,1
263919,0
136637,1
64901,0
178001,1
260881,0
230756,0
213640,0
263678,0
105608,1
64416,1
156412,1
221969,1
95247,0
36131,0
119313,0
215939,0
281962,0
78334,0
197023,0
95472,0
45993,0
87037,0
72053,0
270041,1
8654,1
156523,1
55546,0
182004,1
66008,1
70785,0
267134,1
258423,0
196180,1
44049,0
38880,1
131857,1
196192,1
89711,1
40779,0
150927,0
78488,1
61755,0
64572,1
242609,1
67978,0
190599,1
12400,0
229678,0
273540,0
181481,0
55613,0
41449,0
187114,1
66779,1
91363,0
210519,0
47369,0
80955,0
239540,1
41623,1
118419,0
52126,0
232562,0
148055,0
97591,0
227828,0
63355,0
53057,0
211766,0
8527,1
126233,1
87526,0
233547,0
82675,1
73685,1
77972,0
65351,0
246103,0
65037,1
77571,0
200784,0
187431,0
79238,0
37942,0
227320,1
226421,0
96145,0
8288,1
238183,0
290666,0
46660,1
169900,1
127364,0
98886,1
96043,0
191532,0
54849,0
19263,0
230644,0
84194,1
102438,0
36123,0
212537,1
98625,0
73447,0
44975,0
91055,0
89939,0
96351,0
116876,0
9492,0
209771,0
93345,0
265122,0
229351,1
86557,0
115290,0
18589,1
119817,0
60616,0
230236,1
117071,1
124876,0
240128,1
91628,1
75738,0
226987,0
86334,1
8145,1
168429,0
9212,1
130481,1
205645,0
292360,0
66450,0
19766,0
38282,0
263912,0
233477,0
61535,0
80037,0
273297,0
133778,1
79476,1
250971,0
56799,0
26673,1
31255,0
249217,0
247947,1
253251,1
55847,0
45763,1
23556,0
213182,0
100626,0
2315,1
98687,0
32476,0
184846,0
259307,0
58737,0
34621,0
73792,1
208933,0
228900,1
164131,0
205361,1
109051,0
15382,0
119386,0
152111,1
70139,0
217378,1
41161,0
30460,1
207776,0
8467,0
59885,0
32448,0
294532,0
114633,1
88532,0
254263,0
209825,1
136276,0
257035,0
8524,0
62769,1
98164,0
90945,0
272792,0
240759,1
3344,1
98896,0
230853,1
55834,0
280209,0
61448,1
164119,0
38249,1
48475,1
80558,0
198359,0
46584,0
187030,1
57384,0
99587,0
57586,1
160851,1
45823,1
88051,0
294661,0
286932,0
7920,0
255894,0
69775,1
152516,0
29809,1
175934,1
39858,0
213317,0
71285,1
136999,1
243623,0
171713,1
98523,1
257004,0
221016,1
69297,1
39598,1
78021,0
65387,1
39144,0
118467,0
89348,0
30988,0
66003,0
68386,0
594,1
65835,1
155358,0
198208,0
65361,0
166258,0
250876,0
74117,0
48085,1
16370,0
276490,1
204373,1
15320,1
271155,0
205570,1
95288,0
68834,0
74280,0
70219,1
149280,1
167555,0
201824,0
12048,1
132010,0
254014,1
127164,0
176242,0
62414,1
85837,0
116335,1
181013,0
142891,1
259623,1
78624,0
18241,1
40257,0
46654,0
261927,0
31398,0
8240,1
79063,1
44063,0
221497,0
83542,0
71950,1
90689,0
45456,0
78800,0
52513,0
9361,0
275333,0
251254,0
37465,0
99045,0
144173,0
79054,0
99716,1
167496,1
60444,0
109960,1
61946,0
40464,0
70603,0
89769,0
94890,0
5317,0
197092,0
45358,1
13821,1
94752,1
142646,1
9668,1
241756,0
65599,1
31534,0
256394,0
44889,1
83959,0
39427,0
294702,0
119724,0
95251,1
45395,1
140439,1
3862,0
69224,1
75358,1
257608,0
60650,1
3711,1
88420,0
172374,1
178430,0
135369,0
148650,0
97789,1
168709,0
56128,0
264384,1
241183,0
15301,1
70135,1
88812,1
101183,0
223898,0
64019,0
167631,0
284112,1
54063,0
260806,0
45938,1
41584,0
62243,0
41249,0
96148,0
33791,1
31036,1
53544,0
129130,1
87294,0
56463,0
57874,1
152101,1
68150,1
117346,0
97288,0
67720,0
30590,1
79822,0
40538,0
53464,0
89532,0
33121,0
513,1
186616,0
99722,0
75685,0
58028,0
48489,0
35285,1
37891,0
176467,0
27480,1
172336,0
57255,1
49324,0
224445,0
66887,1
71366,0
175921,0
22692,0
217390,0
59878,0
14111,1
160992,1
18111,0
269578,0
203861,0
273079,1
209339,0
70032,0
84959,0
8810,0
64476,0
63151,1
60572,0
144709,0
62613,1
9702,1
152634,0
57742,1
128091,0
41854,0
222344,1
284239,1
87953,1
47307,1
44739,1
73551,0
10854,1
171876,0
54489,0
271757,1
81663,0
201366,1
93804,0
58516,0
90645,0
10204,0
60208,0
18060,1
258116,0
137805,0
66916,1
50003,0
264246,0
133024,0
127207,1
31479,1
226397,0
129393,0
98012,1
62628,0
34953,0
162606,0
109449,1
236455,1
59434,0
80832,1
3976,0
264620,1
72988,0
167070,0
123865,0
152149,1
53022,0
82548,0
35185,1
44865,1
156750,1
117314,0
221171,1
77842,1
73519,0
133063,1
46829,1
100294,0
82017,1
86132,1
1578,1
89431,1
180000,0
68831,0
211554,1
17088,0
97322,0
59035,1
3569,0
242406,0
13299,0
67095,1
68561,0
207560,0
35445,1
222909,0
49227,0
244216,1
64121,0
134622,1
38308,0
66193,1
174545,0
77442,0
5354,0
79794,1
65098,1
94059,0
37571,1
85461,0
68526,1
98970,0
121568,0
91212,0
206467,1
216782,0
99061,1
67414,0
63172,0
75061,1
35961,1
88124,0
47603,0
81412,0
171409,0
96575,0
189328,1
123256,0
129851,0
62740,0
432,0
47193,1
248841,1
95763,1
240371,0
90298,0
139692,1
165547,0
35321,1
210263,0
34544,0
37207,1
292176,1
272423,0
94463,0
79438,0
268402,0
40338,0
7828,1
71386,1
279031,0
241309,0
229038,1
45765,1
66645,0
9460,1
88218,1
45521,0
32376,0
60689,0
253961,0
83713,0
54730,0
142294,1
224340,0
132224,1
44814,0
93912,0
52264,1
232412,0
253643,0
45267,0
51853,1
36813,1
83850,1
234415,0
200875,1
69843,0
88102,1
67652,0
59744,0
139411,0
66889,0
85668,0
260561,0
281393,1
84487,0
233847,0
242417,0
7870,0
32949,1
255527,0
123722,1
150253,1
16961,1
56312,1
71337,1
86721,1
74533,0
46884,0
20480,0
187212,0
83962,1
69313,0
89548,0
57270,1
264343,0
83142,0
192593,0
270086,1
32587,0
292523,1
40810,0
5525,0
50023,1
22895,1
248739,0
46475,0
74243,0
270314,0
63688,1
73184,0
34751,0
41014,1
263172,0
153338,1
53557,1
30805,0
160971,0
47899,1
100080,0
40081,1
95155,0
117563,0
53308,0
33626,0
180998,0
84668,1
8547,1
138089,1
95485,0
73459,1
43615,0
275564,1
206162,0
276774,0
80301,0
98190,1
215325,0
45980,0
35898,1
14451,0
77522,1
29758,0
39894,0
65685,0
78202,0
31785,1
35121,0
4828,1
46476,0
48680,0
217804,1
84592,0
233364,0
163646,1
86999,0
70498,1
50393,0
167499,1
480,0
99119,0
41728,0
30673,0
76786,0
169714,1
246826,0
138314,1
40700,1
78671,0
83287,1
95935,0
89561,0
137832,0
230373,1
39956,0
227228,0
159924,0
1290,1
86267,0
137668,1
128198,0
35485,1
142770,1
82450,1
51520,0
161913,0
66064,0
159219,0
88590,0
143429,1
66382,1
166984,0
26729,0
144643,0
110268,1
78389,0
87045,1
148441,1
60102,0
33005,0
73452,1
253759,0
67391,0
73304,1
50413,1
225358,0
267152,0
79673,1
84086,1
65350,0
269056,0
184918,0
34968,0
151646,1
29925,1
54507,1
181824,0
234866,0
91898,0
30790,0
97598,0
31001,1
79669,1
91972,0
133722,1
52621,1
122732,0
66939,0
96038,0
176762,0
102942,0
78233,1
203659,0
77370,0
234614,0
22671,1
91357,1
145583,0
199040,0
258241,0
7874,0
81415,0
90065,0
79072,1
48742,1
84653,1
183537,1
23104,0
101245,0
56543,0
16527,1
45650,0
33471,1
96040,1
159916,1
69300,0
31636,1
90719,0
41560,0
105848,1
194507,0
218300,0
89485,1
37903,1
269282,0
62871,1
81592,0
164397,1
69152,1
269398,0
79052,1
75431,0
33727,1
9797,1
73287,1
62874,1
55984,0
283622,0
61199,1
75354,0
74291,1
260798,0
48067,0
9011,0
149574,0
96921,0
37463,1
56491,1
66843,0
30463,0
47438,1
36464,0
225530,0
294663,0
73485,0
137842,0
271892,0
77006,0
56507,0
108609,0
151258,0
44015,0
111164,1
166158,0
248056,0
88475,0
241228,0
40536,1
35019,1
78471,0
87581,1
122946,1
101694,1
219024,0
232945,0
110218,1
49528,1
108854,1
203394,0
204681,1
222315,0
191477,0
92560,0
269554,0
74013,0
9421,0
236013,1
271759,1
140300,1
41792,1
293543,0
155614,0
87792,1
208815,1
86561,1
238260,0
69104,1
137887,0
681,0
7305,0
51211,1
246521,0
185843,1
75968,1
83128,1
3537,0
257745,1
143595,1
243235,0
71049,0
56070,0
96889,0
97046,1
89328,0
73891,1
45643,1
140865,0
36686,0
222325,1
128896,0
40184,1
266406,1
68917,0
65934,1
49507,1
19882,0
280046,1
72327,0
201016,1
250004,1
74338,1
49539,0
192357,0
155321,0
58328,1
86648,0
112608,0
169973,0
223049,0
80093,0
153203,0
16580,1
28723,0
74515,0
52624,0
35463,0
130552,1
109394,0
61950,1
157870,0
96031,0
90416,1
55291,0
216801,0
71959,0
47643,0
66989,0
218161,0
31475,1
55045,0
54035,0
74109,1
197459,1
66294,1
3461,1
114398,0
49495,1
96856,0
101614,0
4974,0
31905,1
76249,0
222095,1
72311,1
195533,1
71176,1
198813,1
30184,0
60615,1
47411,0
185248,1
3078,0
83412,0
56740,1
120632,0
235499,1
191537,1
264118,1
87440,1
56550,0
935,1
32908,0
134664,0
35006,0
80644,1
64805,0
279049,0
183730,1
121525,1
122196,0
223018,1
78305,0
140288,1
53417,1
205181,1
208135,1
82168,0
70601,1
90898,0
8328,0
51253,1
52156,0
226679,0
32874,1
7499,1
70894,1
253624,1
211345,0
31391,0
129759,0
200729,0
74036,1
83781,0
216586,0
34150,0
47570,1
141151,0
68582,1
96701,1
4015,0
133372,0
36737,0
49389,1
41274,0
68234,1
138554,1
168256,1
34065,1
197351,0
41267,1
253109,0
88677,1
52850,0
67137,0
98210,0
47945,0
48877,0
1004,1
215050,1
81999,1
83025,1
37289,1
89560,1
266000,0
66421,1
269723,0
47509,0
82663,1
246633,0
88573,0
273404,0
222437,1
38889,0
122606,1
81495,1
24284,0
252856,0
49640,0
94613,1
83927,0
69494,0
32377,1
251702,0
92502,1
200843,0
203294,1
179042,0
206563,0
163205,0
129627,0
37040,1
112447,1
36678,1
169533,0
225329,0
7244,1
268257,0
96722,0
164314,1
75033,1
22658,0
133034,0
21459,1
56067,0
154808,1
78544,1
59988,1
131637,0
89772,0
203595,0
245361,1
98710,1
81606,0
217119,0
137351,1
148423,0
243570,1
60002,0
214070,0
225407,0
42164,0
34653,0
70929,1
10898,0
61028,1
66888,0
117952,1
61055,0
16766,0
88553,1
76407,0
53443,0
229698,1
36788,1
13886,0
268816,0
97271,1
62550,1
207660,0
185899,0
32076,0
58675,1
90257,0
74531,0
239245,0
48301,1
45958,0
64349,1
164841,0
205126,1
8345,0
44820,1
120872,1
208112,0
290603,1
81358,0
214132,0
29796,0
251047,0
41199,1
80964,1
131540,1
199848,1
31019,0
40744,0
65951,1
238522,0
160557,1
80318,0
40553,0
63445,0
32517,0
31985,1
99575,0
239014,0
170577,0
74961,0
75909,1
107611,0
200127,0
231788,0
72048,1
69992,1
1677,1
96117,1
130011,0
71237,1
189054,1
57867,1
170407,0
124875,1
46862,0
10386,1
3939,1
235826,0
58387,0
49902,0
39277,0
85649,0
144023,1
64815,1
261546,0
85379,1
94170,0
150605,0
252794,0
216144,1
4972,1
754,0
52558,1
43914,1
61786,0
35967,1
271066,1
84215,0
213981,1
51080,0
92872,0
14576,1
91909,0
41906,1
253667,0
249653,0
31424,1
41475,0
4904,1
101998,1
5551,0
212458,0
132778,0
166145,1
254723,1
51265,0
82818,1
236509,0
269979,0
44510,1
265691,0
76655,0
93987,0
82424,1
68557,0
88489,0
1240,0
248336,1
86868,0
81721,0
5481,0
233228,0
33299,0
266021,0
214419,0
3612,0
34926,1
204294,0
9939,1
40881,1
13696,1
204627,0
44727,0
186604,1
64210,0
6636,0
207924,1
60494,0
46107,0
63634,0
64328,0
83094,1
7070,0
285532,0
76897,0
28653,1
4526,0
213151,0
66397,1
45743,1
226254,1
35969,0
64026,1
49187,0
53666,0
37982,1
37479,0
69899,0
81393,0
270171,1
271301,0
98543,1
162138,1
154118,1
209153,0
129778,0
111409,1
49458,0
150550,0
8816,0
182041,1
67783,0
98458,1
98718,0
48595,0
44823,1
19417,1
55891,0
89303,1
155243,1
34801,1
28050,0
204911,1
57878,1
45397,1
48921,0
48189,0
74305,1
9692,0
216770,0
41830,1
176410,1
88779,1
115486,1
156,0
93950,1
22801,1
102035,0
122641,0
174243,0
190870,1
65075,0
259994,1
23365,0
87091,1
103164,1
48160,0
56760,0
75301,1
82049,1
82192,0
205334,1
106018,1
73001,0
230017,0
23013,0
250809,0
84200,1
48646,0
78939,0
83914,1
96153,0
227063,1
208520,0
61572,0
60467,0
137087,1
71253,0
113678,0
75719,0
18397,1
61877,1
86444,0
79684,0
150874,0
128868,1
236234,1
58786,1
30857,1
50636,0
272521,1
64813,0
21870,0
62777,0
90977,0
236555,0
57849,0
47514,1
68297,1
262096,1
235762,1
6792,1
233385,1
64860,0
286729,1
87139,0
111641,0
191169,1
142986,1
88722,1
30115,0
294736,1
131202,0
4893,0
76285,1
142552,1
158351,1
123531,0
184642,1
74224,0
8148,1
199856,1
232492,1
144830,0
189375,1
